上海电机学院教师招聘公告,2024-12-25,97
大连商品交易所2024年校园招聘启事,2024-12-26,146
北京亦庄实验中学（北京市十一学校经济技术开发区分校）2025年校园招聘,2024-12-26,153
电子科技大学长三角研究院（衢州）招聘公告,2024-12-26,157
东北电力大学2025年招聘公告,2024-12-26,85
四川英杰电气股份有限公司2025届校园招聘,2024-12-26,150
长沙新奥燃气2024年校园招聘,2024-12-26,156
一汽解放汽车有限公司2025年度校园招聘启事,2024-12-26,100
无人机运行管理工程师,2024-12-26,190
浙大宁波理工学院2025年高层次人才招聘公告,2024-12-26,133
中国科学院长春应用化学研究所2025年招聘公告,2024-12-26,142
广西机电职业技术学院人才招聘公告,2024-12-26,167
城银清算服务有限责任公司2025年度校园招聘,2024-12-26,173
中国人民保险集团股份有限公司博士后科研工作站2025年博士后研究人员招收简章,2024-12-26,182
作业帮2025校招“AI专项”补录中,2024-12-26,195
九江学院2025年高层次人才招聘公告,2024-12-26,151
厦门松霖科技股份有限公司2025届校园招聘,2024-12-26,204
中信招标2025秋季校园招聘,2024-12-03,298
海外销售校园招聘（2024/2025届）,2024-12-04,270
深圳大学胡章立讲席教授团队招聘博士后和专职研究人员,2024-12-04,268
金蝶2025届校园招聘简章,2024-12-04,303
汉口学院2025年招聘公告,2024-12-26,265
深圳联通2025届校园招聘,2024-12-03,333
闽江学院2024年度高层次人才招聘公告,2024-12-04,268
芯联集成电路制造股份有限公司2025校园招聘,2024-12-06,276
杭州高新区（滨江）2025届毕业生特刊,2024-12-05,333
菁英计划∣财通证券2025届校园招聘,2024-12-04,314
航天时代飞鹏有限公司2025届校招,2024-12-04,338
华住集团2025秋季校园招聘,2024-12-05,295
骆驼集团25届校园招聘,2024-12-06,315
青岛鼎信通讯2025届校园招聘简章,2024-12-06,328
萍乡学院2024年博士高层次人才引进公告,2024-12-06,385
北京 机械工业信息研究院 2025年校园招聘,2024-12-06,362
中国医学科学院医学信息研究所2025年度高校毕业生招聘公告,2024-12-06,326
中航复合材料有限责任公司数据资产与治理岗招聘,2024-12-06,338
超星集团2025年春季校招,2024-12-09,331
中国电子学会2025年校园招聘,2024-12-06,468
北京卫之平律所事务所法学专业实习生,2024-12-06,172
中信证券深圳分公司校招培训生,2024-12-06,336
广东电网有限责任公司 2025年博士后科研工作站 招聘正式启动,2024-12-11,286
湖南长银五八消费金融股份有限公司 2024-2025校园招聘公告,2024-12-11,292
北京映翰通网络股份有限公司2025年校园招聘,2024-12-11,320
无人机运行管理工程师,2024-12-11,316
北京汽车国际发展有限公司2025届校园招聘,2024-12-11,681
中智集团2025届校招招聘简章,2024-12-11,753
中国兵器北方夜视科技研究院集团有限公司2025年招聘公告/学位点招生,2024-12-12,687
2025万得校园招聘,2024-12-12,670
河北农业大学2024-2025年招聘博士公告,2024-12-13,596
闽江学院2025年度高层次人才招聘公告,2024-12-12,591
重庆邮电大学高层次人才招聘简章,2024-12-12,673
浙大宁波理工学院2024-2025年人才招聘公告,2024-12-13,588
广西科技大学2024年博士招聘,2024-12-13,589
Unity中国2025届校招储备计划,2024-12-13,661
虹科电子2025校园招聘,2024-12-13,652
应急管理部上海消防研究所2025年度事业编制人员招聘公告,2024-12-16,317
首开集团2025校园招聘简章,2024-12-13,1318
比亚迪2025届具身智能研究团队招聘简章,2024-12-13,759
中信证券股份有限公司杭州凤起路证券营业部-钱江计划校招培训生,2024-12-16,320
首都机场集团2025校园招聘正式启动！,2024-12-17,351
甘肃银行2025年度校园招聘公告,2024-12-17,204
金昌市2025年第一批引进高层次和急需紧缺人才公告,2024-12-17,247
北京航天控制仪器研究所2025年博士校园招聘启事,2024-11-29,318
温州商学院人才招聘公告,2024-12-17,312
四川英杰电气股份有限公司2025届应届毕业生校园招聘,2024-12-17,355
特斯拉2025智能制造校园招聘,2024-11-29,355
文以载道，书以致远--湖南出版&中南传媒2025校园招聘,2024-12-17,341
湖南财信金融控股集团有限公司 2025“晨星计划”全球校园招聘,2024-11-29,268
中熔电气2025届校园招聘公告,2024-11-29,249
中机科（北京）车辆检测工程研究院有限公司 校园招聘,2024-11-29,381
北京城市学院科研为主型岗位专项招聘公告,2024-11-29,288
北京玖然私募基金管理有限公司-投研助理岗实习生招聘,2024-11-29,214
远东控股集团2025年全球校园“找”聘,2024-11-29,308
天职国际2025校园招聘火热进行中,2024-12-03,240
湖南财信金融控股集团有限公司2025“晨星计划”全球校园招聘,2024-12-03,235
“30W+”万兴科技2025届秋季校园招聘简章,2024-12-03,299
FunPlus2025届秋招急招岗位--系统策划,2024-12-03,274
壹思唯教育2025届校园招聘简章,2024-12-03,237
2025高阳通联实习生招聘,2024-12-03,240
浙大宁波理工学院2024-2025年人才招聘公告,2024-12-03,247
安禾科学仪器（北京）有限公司实习生招聘,2024-12-03,223
天玛智控2025招聘-电气、液压工程师,2024-12-03,309
远东控股集团2025年全球校园“找”聘,2024-12-17,349
中电科思仪科技股份有限公司2025届校园招聘,2024-12-17,647
中国移动“梧桐·鸿鹄”2025研学冬令营（寒假线上实习）,2024-12-17,500
河北外国语学院附属中学招聘,2024-12-17,488
招商银行烟台分行2025届校园招聘,2024-12-18,647
东方中科开发工程师,2024-12-18,582
北京城市学院实验技术岗位专项,2024-12-18,558
鼎立潮头，器成天下                ——鼎阳科技2025届校园招聘火热进行中,2024-12-18,554
昆明理工大学公开招聘博士工作人员公告,2024-12-18,517
招聘岗位：信息系统运维,2024-12-19,707
招聘岗位：网络安全工程师,2024-12-19,462
国机智能科技有限公司2025届校园招聘,2024-12-19,508
北京联通新苗计划2025校园招聘公告,2024-12-19,649
宁波大学公开招聘人才公告,2024-12-19,444
中证数据2025年度校园招聘公告,2024-12-24,207
河北农业大学2025年招聘博士公告,2024-12-24,132
中国电气装备许继集团、许继电气2025年博士专项招聘公告,2024-12-24,192
国家计算机网络应急技术处理协调中心贵州分中心2025年度校园招聘,2024-12-25,136
内蒙古工业大学 青年创新人才“百名博士”引进计划,2024-12-25,85
凯莱英 让世界看到你的影响力 凯莱英2025届校园招聘,2024-11-18,244
东北农业大学2024年全职博士后招收公告,2024-11-18,227
芯联集成电路制造股份有限公司2025校园招聘,2024-11-19,251
北方集成电路技术创新中心（北京）有限公司2025届校园招聘火热进行中,2024-11-19,295
国科量子招聘量子信息技术研究岗（博士优先）,2024-11-19,240
海飞科(北京）科技有限公司2024年校园招聘,2024-11-19,272
飞鹤2025届校园招聘,2024-11-18,249
寻找爱“迪”生—比亚迪全球设计中心2025届秋季校园招聘简章,2024-11-19,272
建发集团2025届秋季校园招聘,2024-11-18,253
河北外国语学院附属中学教师招聘,2024-11-19,205
北京城市学院辅导员专项招聘公告,2024-11-19,284
实习生招聘,2024-11-19,229
延安大学西安创新学院人才招聘,2024-11-19,235
寰宇义嘉国际物流2025年秋季招聘简章,2024-11-19,226
中信泰富特钢/天津钢管制造有限公司,2024-11-19,250
闽江学院2024年度高层次人才招聘公告,2024-11-19,233
九江学院2024-2025年高层次人才招聘公告,2024-11-19,241
央企大厂！山东电力设备有限公司2025届校园招聘全面启动,2024-11-19,373
港华燃气2025届秋季校园招聘（理工类不限专业）,2024-11-19,273
广东省新一代通信与网络创新研究院2025届校园招聘简章,2024-11-19,330
FunPlus2025届校园招聘实习生,2024-11-22,540
O·Star | 京东方2025全球校园招聘“博雅京英”博士专场正式启动！,2024-11-22,283
赛迪顾问2025应届生招聘,2024-11-19,366
理性浪漫·即刻未来——即未科技2025届校园招聘,2024-11-22,261
泰山学院2024年博士引进,2024-11-20,790
北华航天工业学院25年教师招聘,2024-11-22,264
Ratingdog（YY评级）2025校园招聘,2024-11-22,274
国家移民管理局出入境管理信息技术研究所 2025年公开招聘事业编制人员公告,2024-11-25,417
中国科学院长春应用化学研究所2024年招聘公告,2024-11-25,243
中国航天科工集团第二研究院七〇六所2025届校园招聘,2024-11-22,562
电子科技大学长三角研究院（衢州）2024年度招聘公告,2024-11-22,258
虹科电子2025校园招聘,2024-11-22,291
齐鲁工业大学（山东省科学院）计算机科学与技术学部 博士后招聘,2024-11-25,274
克拉玛依市事业单位面向高校招聘2025年应届毕业生,2024-11-25,265
有你有策略｜微策略2025校园招聘进行中,2024-10-29,255
《保卫萝卜》研发商【飞鱼科技】2025届秋季校园招聘火热进行中！,2024-10-29,298
联通（广东）产业互联网有限公司2025校园招聘简章,2024-10-31,330
东风汽车金融有限公司2024秋招,2024-10-31,309
北京亦庄投资控股有限公司2025届校园招聘正式启动！,2024-10-31,251
中信重工2025校园招聘,2024-10-31,337
「青春聚点，共创未来」 点点互动2025校园招聘正式启动！,2024-10-29,280
工信部人才交流中心2024年秋季全国巡回招聘会北京城市双选会专场,2024-10-31,335
中博汇 高层次人才洽谈会 “2024年度秋季巡回”招聘会 -北京博士专场,2024-11-01,412
中国机械设备工程股份有限公司 2025年度校园招聘公告,2024-11-05,240
微波射频工程师,2024-11-05,200
中信证券股份有限公司分支机构 2025年校园招聘简章,2024-11-05,259
河北空天信息投资控股有限公司 2024-2025年度校园招聘公告,2024-11-05,219
【杭州外企】微策略 2025 届校园招聘正在进行中,2024-11-05,264
北京亦庄国际产业投资管理有限公司 校园招聘,2024-11-04,271
中国科学院长春应用化学研究所2024年招聘公告,2024-11-05,211
闽江学院2024年度高层次人才招聘公告,2024-11-05,213
金山云管培招聘,2024-11-05,267
“矿世奇才”招贤榜  洛阳钼业CMOC 2025全球管理培训生招聘,2024-11-05,238
北京力天世技诚聘人才,2024-11-05,276
中物院高性能数值模拟软件中心急聘（北京、成都、绵阳）,2024-11-05,235
中信和业投资有限公司2025校园招聘,2024-11-05,267
一起“育”未来,2024-11-05,234
2025未来教育校园招聘,2024-11-05,240
盛科通信（苏州/南京/上海）2025届秋季校园招聘,2024-11-05,376
中山大洋电机2025校园招聘,2024-11-05,285
成都宽窄智汇科技有限公司招聘简章,2024-11-05,245
爱玛2025届校招岗位一览,2024-11-09,272
武汉城建集团2025届校园招聘简章,2024-11-05,318
中国民航管理干部学院2025年度面向 应届毕业生及社会公开招聘工作人员公告,2024-11-09,378
石头科技2025届校园招聘简章,2024-11-05,331
中信金融租赁有限公司  2024年实习生招聘公告,2024-11-12,238
北京城市学院优秀青年教师专项招聘公告,2024-11-12,227
国家智能设计与数控技术创新中心2025年校园招聘,2024-11-12,274
浙大宁波理工学院2024-2025年人才招聘公告,2024-11-12,210
长春理工大学,2024-11-12,228
北京证券交易所，全国股转公司，中证股转科技有限公司2024年校园招聘,2024-11-12,266
闽江学院2024年度高层次人才招聘公告,2024-11-12,219
河北农业大学2024年选聘博士公告,2024-11-12,233
南京巨鲨医疗2025招聘,2024-11-12,234
南京工程学院2024年人才招聘公告,2024-11-12,258
永鼎股份2025届秋季校园招聘,2024-11-13,247
中德证券日常实习生招聘,2024-11-12,245
广东国腾量子科技有限公司2025年校园招聘,2024-11-12,267
潍柴集团2024年博士（后）招聘,2024-11-13,245
北京市自来水集团有限责任公司2025年校园招聘公告,2024-11-13,297
“扬云帆 新未来”中兴新云2025届校园招聘,2024-11-13,283
萍乡学院2024年博士高层次人才引进公告,2024-11-13,223
南京巨鲨医疗显示2025招聘,2024-11-13,212
中国航空工业集团沈阳兴华航空电器有限责任公司2025届校园招聘,2024-11-13,304
浙大宁波理工学院关于招聘心理健康教育咨询中心教师的公告,2024-11-15,232
集佳知识产权招聘专利工程师、律师助理,2024-11-13,256
巨鲨医疗 2025 届招聘,2024-11-13,260
中国铝业集团有限公司2025年度 高校毕业生招聘,2024-11-13,350
霍尼韦尔2025届校园招聘正式开启，未来，我们来！,2024-11-18,270
中国铁路信息科技集团有限公司2025年应届高校毕业生招聘信息,2024-11-18,688
粤海水务2025 届校园招聘简章,2024-11-18,238
东莞市步步高实验幼儿园2025秋招进行中！,2024-11-18,225
南航科技（广东横琴）有限公司,2024-11-29,334
广州航海学院 广州交通大学（筹） 2024年引进人才（学科领军人才）公告,2024-11-18,221
“沈水之阳 我心向往”2024年沈阳市招才引智线上招聘活动北京站重点高校大型网络招聘会公告,2024-11-27,261
寻找瑞众“校缘”人 瑞众保险2025年校园招聘,2024-11-26,263
中国铁道科学研究院集团有限公司电子计算技术研究所招聘简章,2024-11-29,366
齐鲁工业大学（山东省科学院）计算机科学与技术学部 博士后招聘,2024-11-29,244
北京城市学院行政部门工作人员,2024-11-29,257
汇丰软件开发（广东）有限公司  2025校园招聘,2024-10-15,267
大商所飞泰测试技术有限公司2025届校园招聘正式启动,2024-10-15,264
大模型智能科技-中关村科金 2025校园招聘,2024-10-15,313
源络机器人学习、感知算法实习生招聘,2024-11-29,184
珠海翔翼信息技术部招聘,2024-10-15,246
隧道股份&城市运营2025届校园招聘简章,2024-10-15,273
浙江巴赫厨具有限公司2024秋季校招,2024-10-10,253
永赢基金2025届秋季校园招聘正式启动,2024-10-10,279
闽江学院2024年度高层次人才招聘公告,2024-10-15,235
中国太平洋财产保险股份有限公司  2025届校园招聘,2024-10-15,243
宝时得科技（中国）有限公司校园招聘简章,2024-10-10,309
山东省港口集团有限公司       2025年应届大学毕业生招聘简章,2024-10-15,231
古茗茶饮2025届“对味青春共饮热爱”校园招聘,2024-10-15,234
福建火炬电子科技股份有限公司2025届校园招聘,2024-10-15,214
中国移动终端公司2025秋季校园招聘  “金种子计划”网申即将截止！  速来投递简历！,2024-10-15,313
2025届中乔体育校园招聘简章,2024-10-15,194
移动研究院2025秋季校园招聘正式启动,2024-10-15,388
机会来啦！湖北省宜昌市2025年“招才兴业”第一批岗位需求目录已发布,2024-10-15,208
smart 2025届校园招聘,2024-10-15,228
有你有策略｜微策略2025校园招聘全面启动,2024-10-15,222
2025未来教育校园招聘,2024-10-15,201
匠芯创2025届校园招聘正式启动！,2024-10-15,209
深圳市固胜智能科技有限公司-2025届校园招聘,2024-10-15,220
宁波银行上海分行2025秋季校园招聘启事,2024-10-15,200
中建三局信息技术研究院2025届校园招聘,2024-10-15,241
机械工业仪器仪表综合技术经济研究所2025年度校园招聘,2024-10-15,304
金蝶2025届校园招聘简章,2024-10-15,264
众阳健康科技集团2025届招聘公告,2024-10-15,203
国家电投集团山东电力工程咨询院有限公司 2025年度校园招聘,2024-10-15,301
湖北联投集团有限公司2025届 校园招聘简章,2024-10-15,431
九江学院2024-2025年高层次人才招聘公告,2024-10-15,224
中科大脑2024-2025年校园招聘,2024-10-15,304
成都虹波实业股份有限公司2025招聘启事 （当“虹”青年  大有可为）,2024-10-15,236
就“视”精彩 ——数码视讯科技集团2025届校园招聘,2024-10-19,223
瀚海聚能2025届校园招聘,2024-10-15,248
中建五局山东公司 “青苗计划”2025校园招聘公告,2024-10-19,219
“大数据，达梦想” 北京大数据先进技术研究院 “数据空间技术与系统”全国重点实验室 2025届校园招聘,2024-10-19,482
长沙金维集成电路股份有限公司2024年校园招聘,2024-10-15,371
成为未来技术领袖,2024-10-19,209
百融云创2025校园招聘简章,2024-10-19,229
北森云计算2025届校园招聘,2024-10-19,257
立信会计师事务所北京分所2025年校园招聘,2024-10-19,213
2025 大唐电信校园招聘简章,2024-10-19,632
浙江浙能电力股份有限公司 2025年应届生招聘,2024-10-19,384
北京趣海互联科技有限公司2024届秋季校园招聘,2024-10-19,265
金隆铜业有限公司招聘启事（世界500强国有控股中外合资）,2024-10-19,246
中国建筑第二工程局有限公司华南分公司2025届校园招聘,2024-10-19,221
网瑞达校招,2024-10-19,249
中国水产科学研究院黄海水产研究所2024-2025年诚邀人才加盟,2024-10-19,200
中国江西国际经济技术合作有限公司 2025年应届大学毕业生校园招聘,2024-10-19,218
韦斯曼2025猎头顾问校招,2024-10-19,221
泸州老窖国窖酒类销售股份有限公司 2025届校园招聘,2024-10-19,238
2025年天津农商银行校园招聘启事,2024-10-21,282
致学澳美教育2024秋季校园招聘,2024-10-19,199
中信证券股份有限公司山西分公司 2025年校园招聘简章,2024-10-21,282
阿里巴巴旗下汽车科技独角兽-斑马智行2025届校园招聘,2024-10-21,472
【理工专场】江苏金融租赁股份有限公司  2025年度校园招聘简章,2024-10-25,217
长治市青鸟智源学校2025各科教师招聘信息,2024-10-25,197
新东方教育科技集团山东省域2025校园招聘,2024-10-25,194
亿联银行2025年校园招聘,2024-10-25,222
中信金融租赁有限公司2024年实习生招聘公告,2024-10-25,243
C&F School 阳光心霖儿童公社2024年校园招聘简章,2024-10-27,192
泸州老窖股份有限公司 2025全国校园招聘,2024-10-25,232
你与我的距离只有一封简历的厚度,2024-10-27,235
南京芯视界2025届校园招聘,2024-10-27,257
北京首都科技发展集团2025年校园招聘信息,2024-10-27,238
中信证券（山东）有限责任公司 2025年校园招聘简章,2024-10-27,242
中国科学院兰州化学物理研究所2025年人才招聘启事,2024-10-27,223
江苏神马电力股份有限公司校招,2024-10-27,204
长亭科技2025届校园招聘,2024-10-27,245
山东中创软件商用中间件股份有限公司2025校园招聘,2024-10-27,209
奥瑞视招聘,2024-10-27,231
中国科学院长春应用化学研究所2024年招聘公告,2024-10-27,187
下一代互联网国家工程中心招聘,2024-10-27,297
浙大宁波理工学院外国语学院高层次人才招聘简章,2024-10-27,208
阿拉丁控股集团管培生招聘,2024-10-27,234
华侨大学2024-2025学年招聘启事,2024-10-27,230
中国银行湖南省分行2025年校园招聘公告,2024-09-26,210
中国信息通信科技集团2025招聘简章,2024-09-26,546
寻找Xin人类 青岛鼎信通讯 2025 届校园招聘简章,2024-09-26,215
山东省城市商业银行合作联盟有限公司 2025年校园招聘（秋招）,2024-09-26,227
河北联通2025年秋季校园招聘,2024-09-26,245
专利审查协作河南中心2025年度专利审查员公开招聘公告,2024-09-26,213
未岚大陆（北京）科技有限公司招聘简章,2024-09-26,247
虹科电子2025校园招聘,2024-10-27,302
中国电子科技集团公司第十五研究所 2025年校园招聘简章,2024-09-26,291
北京国科天迅科技股份有限公司2025届校园招聘,2024-09-26,268
中国移动终端公司2025秋季校园招聘,2024-09-26,416
四川vivo2025届秋招（可往届，专业不限）,2024-09-26,234
中国网安（含中国电科三十所）2025届校园招聘简章,2024-09-26,324
中国人保集团2025届校园招聘,2024-09-26,267
经纬恒润2025年校园招聘简章,2024-09-26,247
信好有你，大有可维 信维2025届全球校招,2024-09-26,230
数码大方2025届校园招聘,2024-09-26,218
长鑫集电 （北京） 2025 校园招聘,2024-09-26,253
海博思创2025校园招聘,2024-09-26,231
紫光同芯2025届校园招聘,2024-09-26,303
“南风启航 孚遥直上”南孚集团2025年校园招聘,2024-09-26,207
2025届星融元数据技术有限公司校园招聘,2024-09-26,229
深圳市罗外教育集团校园招聘启事 ——彼有梧桐，凤凰来栖（2024年秋季招聘）,2024-09-26,227
会凌电子新技术有限公司2025校园招聘,2024-09-26,225
网络安全公司招贤纳士,2024-09-26,302
中建-大成建筑有限责任公司2025“领航计划”秋季全球校园招聘计划,2024-09-28,211
天府兴隆湖实验室2025校园招聘,2024-09-26,271
高德地图2025届秋季校园招聘,2024-09-28,251
华宇信息2025届校园招聘（超多岗位）,2024-09-26,402
南京巨鲨医疗2025届校园招聘简章,2024-09-26,239
中国电建昆明院2025届校园招聘公告,2024-09-28,231
上药控股2025届秋季校园招聘,2024-09-28,258
纵慧芯光2025年应届生校园招聘简章,2024-09-28,231
重庆OPPO 2025秋季校园招聘简章,2024-09-28,226
心怀凌云志，再攀新高峰 ——紫金山实验室2025届校园招聘,2024-09-28,277
建发集团2025届秋季校园招聘,2024-09-28,223
上海浦东发展银行股份有限公司,2024-09-28,216
太初元碁2025届校园招聘,2024-09-28,223
北京七一八友晟电子有限公司招聘简章,2024-09-28,262
南京巨鲨医疗科技招聘,2024-09-28,197
人保科技2025届校园招聘火热进行中,2024-09-28,318
Akuna Capital 2024秋季校园招聘,2024-09-28,238
河北农业大学2024年选聘博士公告,2024-09-28,191
聚焦梦想，扬帆起航——精测电子2025校园招聘正式启动,2024-09-28,233
龙湖集团点将校园招聘焕新启动！  ——点亮未来，百战成将！,2024-09-28,235
西安外事学院2024年博士人才全球招聘公告,2024-09-28,200
中国井冈山干部学院2024年度面向全国公开引进优秀人才公告,2024-09-28,225
2024年包头市企事业单位招才引智,2024-10-01,195
中信重工2025年校园招聘,2024-10-01,207
上海埃林哲软件系统股份有限公司,2024-09-29,258
中国石油锦州石化分公司 2024年秋季高校毕业生招聘公告,2024-09-28,228
中国石油勘探开发研究院西北分院  ——2025届研究生校园招聘,2024-10-01,234
智锂物联2025校园招聘（北京/上海/重庆/宜宾）,2024-10-01,220
浙大宁波理工学院2024年高层次人才招聘公告,2024-10-01,223
中国水产科学研究院黄海水产研究所2024-2025年招聘公告,2024-10-01,204
热招新邀 | 追光逐梦，智驾领航，主线秋招火热开启,2024-10-01,195
西部笔迹大数据研究院【算法】秋招,2024-10-01,228
广州诗悦网络科技有限公司2025届校招 培养向HC新增！,2024-10-01,194
中邮普泰通信服务有限公司校园招聘（北京央企）,2024-10-01,419
方舟健客2025届校园招聘,2024-10-01,236
捷昌驱动2025校园招聘正式启动,2024-10-01,236
中熔电气2025届校园招聘公告,2024-10-04,187
南京巨鲨医疗2025届校招,2024-10-01,207
深圳理工大学博士后招聘,2024-10-04,237
中国科学院长春应用化学研究所2024年招聘公告,2024-10-01,206
Ratingdog（YY评级）2025校园招聘,2024-10-04,211
致欧家居2025届校园招聘简章,2024-10-04,192
势通机器人科技（集团）有限公司2024-2025校园招聘,2024-10-04,262
东风柳州汽车有限公司2025届校园招聘,2024-09-09,192
梦想靠岸”招商银行昆明分行2025校园招聘公告,2024-09-18,214
中国建设银行深圳市分行2025年度校园招聘公告,2024-09-18,202
国家知识产权局专利局专利审查协作北京中心2025年度专利审查员公开招聘公告,2024-09-18,335
海亮教育2025届,2024-09-10,253
“智慧医疗，未来之星” 华声医疗2025届校园招聘简章,2024-09-10,226
中国电子科技集团公司第二十三研究所  2025秋季校招启动推文,2024-09-11,437
盒马2025届秋招招聘简章,2024-09-11,242
物联新生 智拓未来 | 中国电科第五十二研究所2025校园招聘,2024-09-11,315
高德地图2025届秋季校园招聘 探索新世界，开启美好未来,2024-09-11,266
厦门松霖科技股份有限公司2025届校园招聘,2024-09-11,196
一“鹭”同行，逐梦未来！ 厦门航空2025届校园招聘,2024-09-11,245
郑煤机集团2025届校园招聘简章,2024-09-11,252
兆易创新2025校园招聘,2024-09-11,263
东风日产2025校园招聘,2024-09-11,246
下一代互联网国家工程中心2025校园招聘,2024-09-11,356
储备干部,2024-09-11,231
中国电子科技集团公司第十研究所2025届秋季招聘简章,2024-09-11,424
中控技术股份有限公司2025届校园招聘,2024-09-11,269
南京巨鲨医疗2025届校园招聘,2024-09-11,225
重庆长安汽车股份有限公司2025年秋季全球招聘,2024-09-11,334
安徽容知日新2025届校园招聘,2024-09-11,362
专利审查协作中心  2025年专利审查员招聘,2024-09-11,409
平安产险总部科技中心2025届校园招聘简章,2024-09-18,191
百度2025届校园招聘正式启动，4大岗位类别，190+细分岗位方向，9大工作城市可选，期待优秀的你加入我们！,2024-09-18,237
中车株洲电力机车有限公司2025届校园招聘,2024-09-18,193
好未来2025年校园招聘通道开启！,2024-09-18,223
东软睿驰2025届秋季校招简章,2024-09-18,197
南京巨鲨显示科技有限公司2025秋季招聘简章,2024-09-18,177
中国科学院苏州生物医学工程技术研究所  2024年特别研究助理(博士后)招聘公告,2024-09-18,211
华硕苏州研发中心2025届校园招聘-共赴科技未来之旅！,2024-09-18,204
中国移动北京公司2025年秋季校园招聘,2024-09-18,276
杭州海兴电力25届校园招聘,2024-09-18,172
中电科航空电子有限公司2025届校园招聘正式启动,2024-09-18,291
港华燃气内地公用业务2025届预备管培生（理工类不限专业）,2024-09-18,182
铁科（北京）轨道装备技术有限公司招聘简章,2024-09-18,227
鞍钢集团工程技术有限公司2025年校园招聘,2024-09-18,195
南京巨鲨显示科技有限公司2025招聘简章,2024-09-18,191
中国石油勘探开发研究院西北分院  ——2025届研究生校园招聘,2024-09-18,220
中信重工开诚智能2025校园招聘简章,2024-09-18,215
老板电器2025届校园招聘,2024-09-18,186
“未来银行家”中国民生银行广州分行2025届校园招聘,2024-09-18,183
东方电子（烟台）2025校园招聘,2024-09-18,221
阿维塔科技2025届校园招聘简章,2024-09-18,243
中国电子云2025校园招聘正式启动,2024-09-18,300
芜湖伯特利汽车安全系统股份有限公司 ——2025年度校园招聘简章,2024-09-18,187
梦想靠岸”招商银行上海分行2025 秋季校园招聘,2024-09-18,209
零跑2025届校园招聘正式启动,2024-09-18,330
虎牙2025届校园招聘全面启动,2024-09-18,223
北京通用人工智能研究院2025全球校园招聘,2024-09-18,357
北京城建设计发展集团2025应届生招聘,2024-09-18,210
中国银行河南省分行2025年校园招聘公告,2024-09-18,174
国轩高科2025届校园招聘,2024-09-18,301
中国南山2025届秋季校园招聘,2024-09-18,262
天翼数字生活科技有限公司2025届校园招聘,2024-09-18,223
58同城•校园招聘,2024-09-18,191
中国移动通信集团设计院有限公司2025秋季校园招聘,2024-09-18,339
高德地图2025届秋季校园招聘,2024-09-18,231
国网信通产业集团中电普华2025届校园招聘,2024-09-18,382
2025年电科网安校园招聘简章,2024-09-18,264
中国机械科学研究总院2025校招,2024-09-18,390
航空报国，逐梦蓝天 ——中国航空工业集团津电 2025届毕业生招聘,2024-09-18,267
“志在苍穹，航天报国”航天电器2025校园招聘,2024-09-18,250
携手共“瀛”，心意相“通”！瀛通通讯股份有限公司2025届校招开始啦!,2024-09-18,237
“吉遇青春，同行未来” ——吉林银行2025届秋季校园招聘,2024-09-18,241
“世界百强+上市国企”建发股份2025届秋招简章,2024-09-18,275
“既见未来，绘梦精彩” 2025未来教育校园招聘,2024-09-19,231
中国航天科工集团第十研究院 2025届秋季招聘公告,2024-09-18,363
中学老师,2024-09-01,687
中国航天科工集团第十总体设计部 2025届校园招聘简章,2024-09-06,326
视界相信年轻的力量 ——苏州科达2025校园招聘,2024-09-21,210
寻找爱“迪”生—比亚迪2025届秋季校园招聘简章,2024-09-01,344
浪潮集团2025届秋季校园招聘简章,2024-09-21,302
虹科电子2025校园招聘,2024-09-18,385
“梦想靠岸”招商银行沈阳分行2025校园招聘公告,2024-09-02,227
天津【8-20K】视频策划文案（数码科技类）,2024-09-02,209
金色梦想 一触即发 ——金发科技股份有限公司2025届校园招聘,2024-09-02,194
“与石俱进WE来无限”——平安银行石家庄分行2025届校园招聘,2024-09-02,188
智洋创新科技股份有限公司招聘简章,2024-09-02,198
南京巨鲨医疗2025校园招聘,2024-09-02,176
横店集团2025届校园招聘简章,2024-09-02,197
大众智能电动汽车中心2025届校园招聘,2024-09-02,197
西安电子科技大学杭州研究院2025届校园招聘正式启动,2024-09-02,283
思朗科技2025校园招聘简章,2024-09-02,223
特来电新能源股份有限公司2025届校园招聘,2024-09-02,214
优必选科技2025届校园招聘简章,2024-09-02,232
北京市十一学校朝阳实验学校2025年秋季招聘,2024-09-02,258
东风汽车集团有限公司研发总院2025届校园招聘简章,2024-09-02,234
智慧启航，联接梦想——2025届雅迅智联校园招聘,2024-09-02,235
智能飞行，慧泽天下——西安因诺航空科技有限公司2025届校园招聘,2024-09-03,200
南高齿集团2025届校园招聘简章,2024-09-03,208
中冶京诚2025年校园招聘正式启动,2024-09-03,199
青岛乾程科技股份有限公司 2025 届校园招聘简章,2024-09-03,320
中国电子科技集团有限公司电子科学研究院,2024-09-03,453
中大咨询2025顾问培训生校园招聘,2024-09-03,194
广州诗悦网络科技有限公司2025校园招聘,2024-09-03,186
国航机务系统（Ameco）2025年校园招聘简章,2024-09-03,295
华信咨询设计研究院有限公司2025届秋季校园招聘简章,2024-09-03,254
2025卡本科技集团股份有限公司校园招聘,2024-09-03,215
网易有道2025届秋季校园招聘简章,2024-09-03,224
广西交通设计集团有限公司2025届招聘简章,2024-09-03,184
中德证券有限责任公司合规法律部实习生招聘,2024-09-03,268
中国移动雄安产业研究院2025届校园招聘,2024-09-03,324
基恩士2025秋季校园招聘,2024-09-03,219
上海吉祥航空股份有限公司2025年校园招聘,2024-09-03,238
途游游戏2025秋季校园招聘,2024-09-02,227
中国航发南方工业有限公司2025校园招聘,2024-09-04,263
「得到」2025届校园招聘开始啦！,2024-09-04,231
赛迪顾问2025应届生招聘,2024-09-05,285
大连商品交易所飞创公司2025届校园招聘,2024-09-04,222
深圳大学胡章立讲席教授团队招聘博士后和专职研究人员,2024-09-05,200
闽江学院2024年度高层次人才招聘公告,2024-09-04,219
中国电子科技集团公司第九研究所2025届校园招聘,2024-09-04,320
汉口学院2024年招聘公告,2024-09-05,230
捷昌驱动2025校园招聘正式启动,2024-09-05,224
东莞市步步高实验学校 幼儿园 202 5 秋招进行中！,2024-09-06,207
智数同行 一录生花  易华录2025届校园招聘,2024-09-06,245
中兵通信装备研究院 2025秋季校园招聘,2024-09-06,328
大庆市龙凤区2024年度事业单位人才引进公告,2024-09-06,212
联影集团2025届校园招聘正式启动！,2024-09-06,206
慧策集团-2025校园招聘,2024-09-06,217
卓望公司2025届校园招聘-秋招,2024-09-05,250
高德地图2025届秋季校园招聘,2024-09-06,213
中国东方航空2025全球校园招聘  暨“燕计划”管培生招聘简章,2024-09-06,204
势通机器人科技（集团）有限公司 2024-2025校园招聘,2024-09-06,202
北京福田戴姆勒汽车有限公司—招聘简章,2024-09-06,210
中兴通讯2025届校园招聘,2024-09-06,281
中国卫通集团股份有限公司2025年度校园招聘正式开启,2024-09-06,306
中国电信北京公司 2025届校园招聘,2024-09-06,341
青春自“信”，共赴山海 信也科技2025届校园招聘绚烂开启,2024-09-06,197
“智耕沃土，收获未来”  潍柴雷沃2025年全球校园招聘,2024-09-06,179
阿里国际数字商业集团2025届秋季校园招聘,2024-09-06,266
中国电信天翼云2025届校园招聘,2024-09-06,375
“招商银行梦想靠岸”南昌分行2025届 秋季校园招聘公告,2024-09-06,164
“嘉骋万里，环聚未来”嘉环科技2025届管培生招聘,2024-09-06,206
北汽集团2025届全球校园招聘,2024-09-06,273
极智嘉2025届校园招聘,2024-09-06,207
TCL 实业2025届全球校招简章,2024-09-06,225
中国能源建设集团广东省电力设计研究院有限公司2025届校园招聘,2024-09-06,231
中电信量子信息科技集团有限公司2024秋季招聘简章,2024-09-06,285
央企大厂！山东电力设备有限公司2025届校园招聘全面启动,2024-09-06,261
北信瑞丰基金2025届秋季校园招聘,2024-09-06,234
中联重科2025届校园招聘简章,2024-09-06,267
“梦想靠岸”招商银行青岛分行2025校园招聘公告,2024-09-06,194
东软医疗系统股份有限公司2025年校园招聘,2024-09-06,216
广州海格通信集团股份有限公司2025届秋季校园招聘,2024-09-06,248
苏州苏纳光电有限公司2024秋季招聘,2024-09-06,230
厦门厦钨新能源材料股份有限公司2025届校园招聘,2024-09-06,213
江苏海四达电源有限公司,2024-09-06,198
算法实习生招聘,2024-09-06,370
深圳桃李未来教育集团有限公司2025届培优事业部校园招聘,2024-09-06,198
爱凡哲投资管理有限公司2025届校园招聘,2024-09-06,185
和你一起探索世界 谱育科技2025校园招聘秋招启动,2024-09-06,262
爱学习教育集团25届校园招聘-技术岗,2024-09-06,241
小学数学老师,2024-09-07,823
天宇股份2025届秋季校园招聘简章,2024-09-06,217
北方集成电路技术创新中心（北京）有限公司2025届校园招聘火热进行中,2024-09-07,360
中冶南方2025年秋季校园招聘简章,2024-09-07,250
Baicells 2025届校园招聘火热开启,2024-09-07,304
东软集团2025届校园招聘正式启动！,2024-09-09,261
北京医者信息科技有限责任公司实习生招聘,2024-09-09,205
美的集团2025全球校园招聘简章,2024-09-09,272
NITORI宜得利家居2025校园招聘,2024-09-07,245
中国工商银行四川省分行2025年度 秋季校园招聘,2024-09-21,206
北京神州视翰科技有限公司实习招聘,2024-09-21,354
湖北兴广兴信息科技有限公司招聘初级会计师岗位,2024-09-21,201
北京市丰台区建华学校2025年招聘简章,2024-09-21,383
高德地图2025届秋招,2024-09-21,243
南京巨鲨医疗2025招聘简章,2024-09-21,195
湖北兴广兴信息科技有限公司招聘数字硬件工程师/射频、功放滤波工程师//DSP软件开发工程师/FPGA软件开发工程师,2024-09-21,233
中国电气装备许继集团、许继电气 2025年秋季校园招聘公告,2024-09-21,280
深圳桃李未来1对1事业部25届秋季校招,2024-09-21,218
德锐咨询2025届秋季校招简章,2024-09-23,204
百度2025届校园招聘正式启动，4大岗位类别，190+细分岗位方向，9大工作城市可选，期待优秀的你加入我们！,2024-09-23,344
物产中大集团2025校园招聘正式开启,2024-09-23,228
通用技术集团2025年校招招聘启事,2024-09-23,349
上汽通用五菱期待您的加入  ——与梦想 菱距离,2024-09-23,214
三花控股集团2025管培生,2024-09-23,237
贵州OPPO 2025校招营销/零售管培生,2024-09-23,214
中国航天科工二院七〇六所（航天科工集团密码技术中心）2025年校园招聘现场宣讲【2024年9月26日上午10点科教楼1209屋】,2024-09-23,427
【绿盟科技】2025届校园招聘正式启动 搜寻未来网安英雄,2024-09-23,281
云圣智能2025届校园招聘,2024-09-24,284
中国电子科技集团公司第九研究所2025届校园招聘,2024-09-23,361
湖北省电力规划设计研究院有限公司  2025届校园招聘简章,2024-09-23,291
2025年校园招聘--中国船舶集团有限公司综合技术经济研究院,2024-09-23,431
国企深圳桑达无线25届秋季校园招聘启事,2024-09-23,239
中国联通湖南省分公司2025校园招聘公告,2024-09-23,243
耀·你定义│新奥集团2025届校园招聘,2024-09-24,233
中国人民人寿股份有限公司2025届校园招聘,2024-09-24,329
高德地图2025届秋季校园招聘 探索新世界，开启美好未来,2024-09-25,272
南京巨鲨医疗校招,2024-09-26,199
浙江省海港集团、宁波舟山港集团 2025年应届高校毕业生招聘简章,2024-09-26,199
迪卡侬2025校园招聘,2024-10-04,237
四川vivo校园招聘（接受往届，不限专业）,2024-10-04,248
水滴公司2025年秋季校园招聘,2024-10-04,227
马栏山音视频实验室2025届全球校园招聘,2024-10-04,232
北京大学附属中学莆田学校2025年教师招聘,2024-10-04,268
易方达基金2025校园招聘,2024-10-04,257
深圳麦科田医疗2025届校园招聘简章,2024-10-04,204
湘电集团有限公司2025届招聘公告,2024-10-04,268
国家电投集团五凌电力有限公司2025校园招聘,2024-10-04,441
北京游酷盛世2025校园招聘正式启动,2024-10-06,314
中国东风汽车工业进出口有限公司  2025年校园招聘公告,2024-10-09,234
人力资源管培生,2024-10-04,226
明源云集团 2025 届源动力校园招聘｜招聘简章,2024-10-09,235
中国石化扬子石化2025年校园招聘简章,2024-10-10,216
北京建筑材料科学研究总院有限公司 2025届秋季校园招聘公告,2024-10-10,247
河北农业大学2024年选聘博士公告,2024-10-10,181
浙大宁波理工学院外国语学院高层次人才招聘简章,2024-10-10,196
方田教育2025届校园招聘,2024-10-10,192
长安福特|长安福特新能源汽车有限公司  2025届校园招聘启事,2024-10-09,376
重庆芯联微电子有限公司2025届校园招聘全速开启,2024-10-10,219
方田教育2025届秋季校园招聘,2024-10-10,182
宝石花物业管理有限公司2025届校园招聘,2024-10-10,217
有道领世2025晨星计划-招聘简章,2024-10-10,213
四川鸿鹄高中2025届校园招聘,2024-10-10,213
航天时代飞鹏有限公司2025届校园招聘正式启动,2024-10-10,383
广汽集团2025校园招聘简章,2024-10-10,289
厦门航空2025届校园招聘,2024-10-10,233
芯碁微装 2025 届校招招聘简章,2024-10-10,276
凤凰出版传媒集团2024年秋季招聘公告,2024-10-27,240
MetaApp 2025届秋季校园招聘,2024-10-10,257
恒丰银行博士后科研工作站2025年博士后研究人员招聘启事,2024-10-10,224
湖南湘科控股集团有限公司  2025届校园招聘简章,2024-10-10,260
招聘文职人员,2024-10-27,498
新大陆自动识别2025届校园招聘简章,2024-10-10,247
给理想造一座新城——新城控股2025届【新睿】校园招聘,2024-10-27,210
国网江西省电力有限公司信息通信分公司 招聘简章,2024-10-27,706
NIBS生物仪器中心招聘详情,2024-10-27,294
北京智一科技实习招聘,2024-10-27,236
巨鲨医疗2025届秋招,2024-10-10,212
2025届管理培训生秋季招生简章,2024-10-27,276
江苏金融租赁股份有限公司  2025年度校园招聘简章,2024-10-27,247
睿联技术2025年校园招聘,2024-10-27,296
盒马2025届秋招招聘简章,2024-10-28,285
MUJI无印良品2025秋季店铺储备干部招募启动,2024-10-28,254
中国一汽2025全球校园招聘,2024-10-28,342
天职国际2025校园招聘火热进行中!,2024-10-27,262
九江学院2024-2025年高层次人才招聘公告,2024-10-28,256
中信重工2025年度校园招聘,2024-10-28,297
中国科学院长春应用化学研究所2024年招聘公告,2024-10-28,221
北京亦庄实验中学（北京市十一学校经济技术开发区分校）2025年校园招聘,2024-10-28,263
河北农业大学2024年选聘博士公告,2024-10-28,250
南京巨鲨医疗 2025 届招聘,2024-10-29,222
北京智一产业媒体实习招聘,2024-10-29,251
西山居2025秋季校园招聘简章,2024-10-29,234
北京广富晖电子科技有限公司,2024-10-28,241
联通在线信息科技有限公司 2025年校园招聘,2024-10-29,443
