广西医科大学诚聘海内外优秀博士人才,2025-01-02,1
厦门大学嘉庚学院2024-2025学年人才招聘启事,2025-01-02,16
宿州航空职业学院招聘简章,2024-12-31,87
无锡高新人才发展集团有限公司,2024-12-31,125
贵州医科大学诚聘海内外优秀人才,2025-01-02,1
广州软件学院中青年博士招聘公告,2025-01-02,10
2024年宁波幼儿师范高等专科学校公开招聘高层次人才公告,2024-12-31,147
重庆电力高等专科学校2025年高层次人才博士招聘公告,2025-01-02,28
2024年闽南师范大学引进人才招聘启事,2024-12-31,101
中国电科第十二所2025年校园招聘,2025-01-02,67
东北电力大学2025年人才招聘公告,2025-01-02,29
公安部道路交通安全研究中心,2025-01-02,48
派驻华群能源集团2025届校园招聘项目正式启动,2025-01-02,37
江门市宝士制冷电器有限公司,2025-01-02,22
广安理工学院筹建处2024年12月直接考核招聘博士公告,2025-01-02,14
绥化学院常年招聘博士公告,2025-01-02,11
空中能力层装备研究院,2025-01-02,159
河北银行2025年度校园招聘启事,2025-01-02,25
浙江工业职业技术学院公开招聘人员公告（专任教师岗位）,2025-01-02,13
上海启源芯动力科技有限公司2025寒假实习计划,2025-01-02,16
中建六局水利水电建设集团有限公司2025届校园招聘简章,2024-12-30,148
合肥他们方田教育科技有限公司,2024-12-30,76
桂林理工大学2024年招聘公告,2024-12-30,88
内蒙古大学人才招聘公告,2024-12-30,116
前海国际事务研究院博士后招聘,2024-12-30,89
中国石化上海石油化工研究院人才招聘,2024-12-30,130
中信证券海宁海昌南路营业部诚聘英才,2024-12-30,106
烟台东方威思顿电气有限公司2025届校园招聘简章,2024-12-30,51
云南电网有限责任公司就业型博士科研人员招聘简章,2024-12-30,61
年轻，就该无界！华橙等你来定义未来！,2024-12-30,48
中国医学科学院药用植物研究所2025年度高校毕业生招聘公告,2024-12-30,191
港华燃气2025届秋季校园招聘（理工类不限专业）,2024-12-31,88
国家广播电视总局五九四台,2024-12-31,108
西昌学院2024年直接考核招聘博士公告,2024-12-31,54
岗位覆盖多个系列，华南理工大学公开招聘,2024-12-31,89
上海建桥学院招聘公告,2024-12-30,53
巢湖学院2024年高层次人才招聘公告,2024-12-31,81
“25年春季”西安电子科技大学硕博专场,2024-12-31,28
视界相信年轻的力量 —苏州科达2025校园招聘,2024-12-28,200
西安外事学院2024年博士人才全球招聘公告,2024-12-29,96
浙江越秀外国语学院2025年外籍教师招聘简章,2024-12-25,127
与优秀同行 | 方田教育2025届校园招聘,2024-12-25,98
上海电机学院教师招聘公告,2024-12-25,125
一汽解放汽车有限公司2025年度校园招聘启事,2024-12-25,230
杰瑞股份2025届校园招聘简章,2024-12-25,136
内蒙古工业大学青年创新人才“百名博士”引进计划,2024-12-25,110
中国人民保险集团股份有限公司博士后科研工作站  2025年博士后研究人员招收简章,2024-12-25,123
中国科学院高能物理研究所东莞研究部（中国散裂中子源工程）2025年人才招聘,2024-12-25,247
中国刑事警察学院2025年度面向社会公开招聘高层次人才,2024-12-25,171
江西工程学院2024-2025年招聘公告,2024-12-25,217
电子科技大学长三角研究院（衢州）招聘公告,2024-12-25,176
东北电力大学2025年招聘公告,2024-12-25,176
湘潭大学2024年专任教师公开招聘公告,2024-12-25,172
中国人民警察大学2025年度第一批公开招聘公告,2024-12-26,213
盐课堂2025年校园招聘简章,2024-12-26,165
中国人民解放军第五七二一工厂2025年秋季招聘,2024-12-26,432
2025上海富瀚微电子股份有限公司校园招聘简章,2024-12-27,329
厦门松霖科技2025届校园招聘简章,2024-12-26,224
北京天时佳阁房地产投资顾问有限公司2025年校园招聘,2024-12-26,182
东北大学教师招聘,2024-12-27,165
中国电气装备许继集团、许继电气  2025年博士专项招聘公告,2024-12-23,273
美丽中国支教项目秋季收官空中宣讲会（含内推名额可直通面试）,2024-12-20,268
斯达半导体股份有限公司,2024-12-23,367
常州工学院2024年人才招聘启事,2024-12-23,181
伊利实业集团股份有限公司液态奶事业部2025年校园招聘启事,2024-12-20,317
西安利君制药有限责任公司招聘简章,2024-12-23,259
湖州学院2024年诚聘人才（教师）公告,2024-12-23,99
智造未来——深圳明锐理想科技股份有限公司博士后创新实践基地博士后招聘简章,2024-12-23,74
四川英杰电气股份有限公司2025届校园招聘,2024-12-24,150
内蒙古科技大学“科炬计划”人才引进诚聘海内外英才,2024-12-21,325
烟台东方威思顿电气有限公司2025届校园招聘简章,2024-12-23,130
智造未来——深圳明锐理想科技股份有限公司2025届校园招聘简章,2024-12-23,171
伊犁师范大学2024年面向社会引进高层次人才公告,2024-12-24,135
泸州职业技术学院关于2024年12月公开考核招聘事业编制教师的公告,2024-12-24,137
航天时代飞鹏有限公司,2024-12-24,144
广西机电职业技术学院人才招聘公告,2024-12-24,141
四川文理学院2025年塔石人才引进公告,2024-12-24,107
西北工业集团有限公司2025年招聘简章,2024-12-24,348
潮汕职业技术学院2024-2025学年人才招聘计划,2024-12-24,98
西安外事学院博士人才全球招聘公告,2024-12-24,147
“期”许成长  代码飞扬—上海期货信息技术有限公司2025届校园招聘火热开启,2024-12-19,244
西华大学2024年人才招聘公告,2024-12-19,270
汉航（北京）科技有限公司“职等你来” 2024年招聘,2024-12-19,243
北京联通新苗计划2025校园招聘公告,2024-12-19,619
文以载道，书以致远  湖南出版&中南传媒2025校园招聘,2024-12-19,239
华能内蒙古东部能源有限公司2025年度招聘高校毕业生公告,2024-12-19,264
"芯想未来，创见精彩,英特尔中国2025校园招聘火热进行中！",2024-12-19,351
汉坤律师事务所  招聘简章,2024-12-20,278
南方科技大学电子与电气工程系2024年度博士后招聘,2024-12-19,279
内蒙古师范大学人才引进公告,2024-12-20,244
四川英杰电气股份有限公司2025届校园招聘,2024-12-19,268
中国科学技术大学2024年诚聘特任副研究员（特任高级工程师）暨博士后,2024-12-20,260
深圳市南山区公办中小学2024年12月面向2025年应届毕业生公开招聘教师公告,2024-12-18,389
陕西川承实业控股集团有限公司,2024-12-18,326
中国科学院声学研究所高层次人才招聘启事,2024-12-18,239
北京猿辅导线上学科培训学校,2024-12-18,256
宁波数字孪生（东方理工）研究院2024年博士后研究人员招聘公告,2024-12-18,238
宁波大学公开招聘人才公告,2024-12-19,331
中证数据2025年度校园招聘公告,2024-12-18,319
国机智能科技有限公司2025届校园招聘,2024-12-19,352
成都主导科技有限责任公司 2025届校园招聘简章,2024-12-16,362
远东控股集团2025年全球校园“找”聘,2024-12-17,282
桂林信息科技学院2024年第二批专任教师招聘公告,2024-12-16,272
金昌市2025年第一批引进高层次和急需紧缺人才公告,2024-12-16,265
中国农业科学院农业资源与农业区划研究所博士后招聘启事,2024-12-16,218
西安交通大学-中国移动数字政府联合研究院招聘公告,2024-12-17,288
中国移动“梧桐·鸿鹄”2025研学冬令营（寒假线上实习）,2024-12-17,352
潮奔黄海 才到盐城 江苏省盐城市2025年优秀青年人才 招聘宣讲会陕西师范大学专场,2024-12-17,205
温州商学院人才招聘公告,2024-12-17,247
广东文理职业学院2025年春季招聘启事,2024-12-17,234
广西科技大学2024年博士招聘,2024-12-16,214
西安外事学院博士人才全球招聘公告,2024-12-17,207
北京学而思网络科技有限公司,2024-12-17,182
昆明理工大学公开招聘博士工作人员公告,2024-12-18,280
北方华创微电子2025届秋季校园招聘简章,2024-12-17,631
首都机场集团2025校园招聘正式启动！,2024-12-16,481
河南学程无忧教育咨询有限公司,2024-12-17,180
甘肃银行2025年度校园招聘公告,2024-12-16,485
巢湖学院2024年人才招聘公告,2024-12-17,222
烟台东方威思顿电气有限公司2025届校园招聘简章,2024-12-16,251
湖南长银五八消费金融股份有限公司2024-2025校园招聘公告,2024-12-11,307
中国航天科工集团第六研究院四十一所2025届招聘,2024-12-11,603
温州商学院2024年人才招聘公告,2024-12-11,305
四川英杰电气股份有限公司2025届校园招聘,2024-12-11,339
安徽新华学院2025年博士人才招聘简章,2024-12-12,659
白象食品2025届校园招聘简章,2024-12-11,381
凯里学院2024年公开引进高层次人才实施方案,2024-12-12,332
远东控股集团2025年全球校园“找”聘,2024-12-11,308
广州航海学院 广州交通大学（筹）2024年第一次引进急需人才（博士）公告,2024-12-12,325
江门市宝士制冷电器有限公司2025届校园招聘,2024-12-13,362
应急管理部上海消防研究所  2025年度事业编制人员招聘公告,2024-12-12,496
晓猴教育 2025 届春季校园招聘（首年保薪17W）,2024-12-12,342
山西工学院公开招聘博士研究生公告,2024-12-12,314
2024年福建商学院公开招聘总量控制人才方案,2024-12-15,198
北京慧保福达健康科技有限公司,2024-12-13,431
广东电网有限责任公司2025年博士后科研工作站招聘正式启动,2024-12-13,476
沥泉科技（成都）有限公司实习生、正式员工招聘,2024-12-13,511
中国科学院金属研究所2024年人才招聘,2024-12-16,237
中国兵器北方夜视科技研究院集团有限公司  2025年招聘公告/学位点招生简章,2024-12-12,501
与优秀同行 | 方田教育2025届校园招聘,2024-12-16,231
海军潜艇学院2025年面向社会 公开招考文职人员公告,2024-12-09,350
中国航空工业集团-贵阳航空电机有限公司招聘公告,2024-12-09,440
中国电科第十二所2025年校园招聘,2024-12-09,386
与优秀同行 | 方田教育2025届校园招聘,2024-12-09,210
玉溪师范学院2024年第二批公开招聘博士人员公告,2024-12-09,202
重庆电力高等专科学校 2024年高层次人才博士招聘公告,2024-12-09,230
哈尔滨理工大学2024年博士引进招聘,2024-12-09,259
广州安凯微电子股份有限公司,2024-12-09,272
烟台东方威思顿电气有限公司2025届校园招聘简章,2024-12-09,232
福建（泉州）先进制造技术研究院人工智能与机器人工程研究中心  博士招募,2024-12-09,214
成都华微电子科技股份有限公司,2024-12-09,1021
徐州致能半导体有限公司2025年招聘简章,2024-12-10,380
12月13日本年度最后一场大型线上招聘会欢迎报名！,2024-12-10,329
江铃汽车2025届全球校园招聘简章,2024-12-09,313
拓维电子科技（上海）有限公司2025 招聘简章,2024-12-10,411
西安恒翔控制技术有限公司2025校园招聘,2024-12-10,577
国家计算机网络应急技术处理协调中心2025年度校园招聘启事,2024-12-11,1415
东莞职业技术学院2024年公开招聘事业编制人才公告,2024-12-10,361
浙江省台州学院2024年人才招聘公告,2024-12-11,371
淮阴师范学院2024年诚聘人才,2024-12-10,274
白象食品2025届校园招聘简章,2024-12-05,278
萍乡学院2024年博士高层次人才引进公告,2024-12-05,226
上海瀚界科技邀请您的加入（信号处理算法工程师）,2024-12-05,219
中广核新能源陕西分公司2025届秋季校园招聘公告,2024-12-05,545
芯碁微装2025届管培生招聘介绍,2024-12-05,331
中国兵器北方夜视科技研究院集团有限公司  2025年招聘公告/学位点招生简章,2024-12-04,459
电子科技大学（深圳）高等研究院2024年诚邀海内外英才加盟！,2024-12-05,296
中电科新型智慧城市研究院有限公司2025届校园招聘简章,2024-12-06,483
天职国际会计师事务所（特殊普通合伙）,2024-12-05,373
多益网络2025届校园招聘冬季补录批次开启！,2024-12-06,292
与优秀同行 | 方田教育2025届西安电子科技大学校园招聘,2024-12-06,254
青岛鼎信通讯股份有限公司2025届校园招聘简章,2024-12-06,306
兆芯2025校园招聘,2024-12-06,464
与优秀同行 | 方田教育2025届西安电子科技大学校园招聘,2024-12-06,284
桂林理工大学2024年招聘公告,2024-12-04,255
六十华章 城建未来  上海城建设计集团2024届校园招聘,2024-12-06,226
中国地震局地球物理研究所博士后招收公告,2024-12-06,310
西华大学2024年人才招聘公告,2024-12-04,325
壹思唯教育2025届校园招聘简章,2024-12-04,234
广东能源集团2025届校园招聘公告,2024-12-06,556
航天时代飞鹏有限公司,2024-12-02,419
绍兴文理学院2024年人才引进公告,2024-12-01,305
泰山科技学院2024年招聘公告,2024-11-29,653
北方集成电路技术创新中心（北京）有限公司  2025届校园招聘火热进行中,2024-11-29,450
与优秀同行 | 方田教育西安电子科技大学2025届校园招聘,2024-11-29,289
南方财经全媒体集团2025届校园招聘正式启动,2024-12-03,313
宁波大学2024年公开招聘高层次人才（教师）公告,2024-11-29,543
烟台东方威思顿电气有限公司2025届校园招聘简章,2024-12-02,287
中国网安/三十所2025届秋招末班车来啦， 优质空位等你来！,2024-12-03,386
重庆人文科技学院2024-2025年秋季招聘简章,2024-12-02,289
辽宁工程技术大学2024年招聘人才公告,2024-11-30,388
中国电子科技集团公司第三十四研究所2025届招聘公告,2024-12-03,612
成都师范学院2024年考核招聘人才公告,2024-12-03,410
启航，永艺邀您共创未来！  ——永艺股份2025届招聘简章,2024-12-03,248
广州南方学院2024年度人才招聘公告,2024-12-03,404
常州工学院2024年人才招聘启事,2024-12-03,276
与优秀同行 | 方田教育西安电子科技大学2025届校园招聘,2024-12-03,190
长江证券2025届校园招聘公告,2024-12-03,762
太原市扬帆职业高级中学有限公司,2024-12-03,385
湖南财信金融控股集团有限公司  2025“晨星计划”全球校园招聘,2024-12-03,176
中信泰富特钢/天津钢管制造有限公司,2024-11-26,384
伊利实业集团股份有限公司液态奶事业部2025年校园招聘启事,2024-11-26,308
广州华立学院2024-2025学年专任教师招聘启事,2024-11-26,298
菁英计划∣财通证券2025届校园招聘,2024-11-26,306
北京航天控制仪器研究所2025年博士校园招聘启事,2024-11-27,285
12月13日二十余省市高校联合启动  第37届博士人才云端选聘会（初审+面试）,2024-11-27,270
湖州学院2024年诚聘人才（教师）公告,2024-11-26,256
远东控股集团2025年全球校园“找”聘,2024-11-27,286
专注核心领域 践行科技力量 —— 品高股份2025届校园招聘火热开启！,2024-11-27,295
烽火星空2025校园招聘,2024-11-27,655
12月13日二十余省市高校联合启动第37届博士人才云端选聘会（初审+面试）,2024-11-27,237
丰疆智能科技股份有限公司 2024海外销售管培招聘,2024-11-28,343
广东省智能科学与技术研究院——研究员招聘公告,2024-11-27,324
北京龙双利达知识产权代理有限公司西安分公司,2024-11-28,227
国家智能设计与数控技术创新中心2025年校园招聘,2024-11-27,457
深圳联通2025届校园招聘公告,2024-11-29,555
中建七局土木工程公司 2025届校园招聘简章,2024-11-28,449
湛江科技学院2024年招聘优秀人才,2024-11-28,337
诚聘英才！深圳大学电子与信息工程学院2024年人才招聘公告,2024-11-28,378
中国·西安千名博士项目对接暨人才引进签约洽谈会,2024-11-27,271
星尘智能【人形机器人】实习生火热招聘,2024-11-25,382
国防科技大学计算机学院人才引进政策和计划 2024年度面向社会公开引才！,2024-11-25,474
国机智能科技有限公司2025届校园招聘,2024-11-26,377
杭州市临空建设投资集团有限公司“星火计划”2025年校园招聘,2024-11-26,397
湖南财信金融控股集团有限公司 2025“晨星计划”全球校园招聘,2024-11-25,255
苏州健雄职业技术学院2024年长期公开招聘博士研究生教师公告,2024-11-26,193
辽宁工程技术大学最新招聘公告,2024-11-25,232
东莞市步步高实验学校&幼儿园2025秋招进行中！,2024-11-26,286
特斯拉2025智能制造校园招聘,2024-11-26,615
兰州化物所2025年人才招聘启事,2024-11-25,284
烟台东方威思顿电气有限公司2025届校园招聘简章,2024-11-25,269
深圳英派科特广告传媒有限公司,2024-11-21,313
西安科技大学,2024-11-21,556
雅安职业技术学院2024年人才招聘公告,2024-11-26,283
山东新华医疗器械股份有限公司,2024-11-22,334
与优秀同行 | 方田教育西安电子科技大学2025届校园招聘,2024-11-25,243
中铁电气化铁路运营管理有限公司招聘简章,2024-11-22,717
浙江交通职业技术学院专任教师岗位公开招聘公告（2024年第一批）,2024-11-21,355
我为蓝天而来  —2025年福建龙净脱硫脱硝工程有限公司招聘简章,2024-11-22,320
中熔电气2025届校园招聘公告,2024-11-25,332
山东新华医疗器械股份有限公司,2024-11-20,373
重庆对外经贸学院2024年秋季教师招聘公告,2024-11-20,324
成都安宇腾信息技术有限公司（暨成都科优信测科技有限公司）招聘信息,2024-11-20,691
新疆生产建设兵团2025年度国有企业面向高校应届毕业生招聘公告,2024-11-20,503
中国航天时代电子有限公司,2024-11-20,493
河南省科学院激光制造研究所,2024-11-20,379
清华大学机械工程系王玉明院士团队2024年诚聘博士后,2024-11-20,336
中国科学院兰州化学物理研究所人才周活动  虎踞陇右 金城兰州，期待与您线下相遇！,2024-11-20,290
福州理工学院2025年专任教师招聘计划,2024-11-21,317
新疆师范大学2024年全职博士后招收公告,2024-11-20,179
新疆生产建设兵团事业单位面向2025年 高校毕业生开展校园招聘公告,2024-11-20,691
右江民族医学院2024年诚聘英才公告,2024-11-21,240
电子科技大学长三角研究院（衢州）2024年度招聘公告,2024-11-21,362
与优秀同行 | 方田教育西安电子科技大学2025届校园招聘,2024-11-21,228
中国·西安千名博士项目对接暨人才引进签约洽谈会,2024-11-19,327
恒玄科技25届校园招聘-软件类,2024-11-19,436
江苏理工学院2024年人才招聘简章(下半年),2024-11-19,357
闽南师范大学2024年引进人才招聘方案,2024-11-21,351
烟台东方威思顿电气有限公司,2024-11-21,246
中国航天科工集团第二研究院七〇六所2025届校园招聘【欢迎公众号转发】,2024-11-20,904
中国电子科技集团公司第九研究所2025届校园招聘,2024-11-14,677
富士通（西安）系统工程有限公司2025届校园招聘,2024-11-15,1104
深圳综合粒子设施研究院2025届校园招聘公告,2024-11-15,373
成都新易盛2025届校园招聘,2024-11-15,559
吉林亿联银行股份有限公司,2024-11-17,382
福建睿能科技股份有限公司2025届秋招“末班车”（研发岗）,2024-11-17,333
青岛鼎信通讯股份有限公司2025届校园招聘简章,2024-11-17,325
重庆电力高等专科学校2024年高层次人才博士招聘公告,2024-11-15,359
上海光链电子科技有限公司,2024-11-17,362
南昌市2024-2025年度吸引10万名大学生和技能人才来昌留昌创业就业“百场校招”高新区网络招聘会,2024-11-18,362
【2025届】武汉云岭光电股份有限公司秋招,2024-11-18,415
与优秀同行 | 方田教育西安电子科技大学2025届校园招聘简章,2024-11-18,230
中国电科第十二所2025年校园招聘,2024-11-15,645
寻星创业、共享未来——双星集团2025届新星计划（NEW STAR）全球校园招聘正式启动！,2024-11-18,415
宁波大学2024年人才招聘公告,2024-11-18,891
徐州致能半导体有限公司2025年招聘简章,2024-11-18,481
烟台东方威思顿电气有限公司2025届校园招聘简章,2024-11-18,312
兴业数金2025年校园招聘启事,2024-11-19,472
众阳健康科技集团2025届招聘公告,2024-11-18,445
杭州信友队教育科技有限公司信息学竞赛教练招聘,2024-11-19,308
广东国腾量子科技有限公司,2024-11-12,516
西安西电变压器有限责任公司-2025年校园招聘简章,2024-11-12,1112
贵州习酒股份有限公司2025届校园招聘公告,2024-11-12,537
山东工商学院会计学院2024年博士招聘启事,2024-11-12,289
【OFweek人才网】灵明光子2025届校园招聘,2024-11-11,380
湖南迈曦软件有限责任公司2025届校园招聘,2024-11-12,404
南通润东计算机科技发展有限公司,2024-11-12,347
“扬云帆 新未来”中兴新云2025届校园招聘已启动！,2024-11-12,488
陕西省通信服务有限公司2025年校园招聘正式启动,2024-11-13,1387
中核苏能核电有限公司2025年度自主校园招聘简章,2024-11-13,991
热血逐梦，与金思维共赴璀璨星程,2024-11-12,343
先临三维2025届校园招聘,2024-11-13,340
嘉兴职业技术学院2024年公开招聘人才（教职人员）公告,2024-11-13,440
平安科技2025年度校园招聘简章,2024-11-14,365
国防大学2025年军队文职人员公开招考公告,2024-11-13,448
海军潜艇学院2025年面向社会 公开招考文职人员公告,2024-11-14,330
深圳市智微智能科技股份有限公司2025届校园招聘,2024-11-14,1149
克拉玛依市事业单位面向高校招聘2025年应届毕业生,2024-11-14,389
与优秀同行 | 方田教育西安电子科技大学2025届校园招聘简章,2024-11-14,188
吉利学院2025年专任教师招聘公告,2024-11-14,583
好老师 在晓禾|晓禾教育2025届秋季校园招聘,2024-11-07,264
与优秀同行 | 方田教育西安电子科技大学2025届校园招聘简章,2024-11-07,218
深圳市杉川机器人有限公司2025届校招,2024-11-07,1633
天津市教育科学研究院2024年第二批公开招聘教研员公告,2024-11-06,312
探路者控股集团股份有限公司,2024-11-07,749
长春理工大学,2024-11-07,263
机械工业第九设计研究院股份有限公司,2024-11-06,579
潍柴集团2024年博士（后）招聘简章,2024-11-08,370
【OFweek人才网】2025黑格科技全球招聘,2024-11-07,333
中共湛江市委组织部,2024-11-08,654
清天英才计划丨诚邀有志之士共筑育人基业！,2024-11-08,312
与优秀同行 | 方田教育西安电子科技大学2025届校园招聘简章,2024-11-11,223
四川财经职业学院2024年秋季学期教职工招聘公告,2024-11-07,426
烟台东方威思顿电气有限公司2025届校园招聘简章,2024-11-11,288
中国地震局2025年度事业单位公开招聘公告（第一批）,2024-11-11,2171
硅湖职业技术学院2024年招聘启事,2024-11-07,492
江谷生物2025届校园招聘简章,2024-11-11,319
福建平潭综合实验区2025届引进生&事业单位招聘公告,2024-11-11,402
杭州职业技术学院2024年下半年公开招聘高层次人才公告,2024-11-11,332
粤海水务2025 届校园招聘简章,2024-11-11,605
江苏科技大学2024年诚聘海内外优秀人才,2024-11-05,267
国网智慧车联网技术有限公司2025年高校毕业生招聘正式启动,2024-11-05,739
伊犁师范大学2024年面向社会引进高层次人才公告,2024-11-05,498
九号公司2025秋季校园招聘,2024-11-05,623
2024“蓉漂人才荟”· 走进西北工业大学 （博士/博士后座谈会） 专场活动,2024-11-05,340
中国航天科工集团第六研究院四十一所2025招聘公告,2024-11-05,668
WebRAY盛邦安全2025届校园招聘简章,2024-11-05,816
航天时代飞鹏有限公司2025届校园招聘正式启动,2024-11-05,576
正心元科技（浙江）有限公司,2024-11-05,549
港华燃气2025届秋季校园招聘（理工类不限专业）,2024-11-05,453
广东省新一代通信与网络创新研究院2025年校园招聘简章,2024-11-05,429
天津市教育科学研究院2024年第二批公开招聘教研员公告,2024-11-06,244
中国矿业大学徐海学院2025年公开招聘工作人员公告,2024-11-06,308
广州华商职业学院2024年招聘公告,2024-11-06,306
西安培华学院2024年博士招聘公告,2024-11-05,395
成都大学,2024-11-04,605
深圳新东方培训学校,2024-11-05,490
天职国际2025校园招聘正式启动！,2024-11-06,339
中信证券股份有限公司山西分公司2025年校园招聘简章,2024-11-04,408
烟台东方威思顿电气有限公司2025届校园招聘简章,2024-11-04,395
赣西科技职业学院2024年招聘公告,2024-10-30,356
山东石油化工学院2024年人才招聘简章,2024-10-30,380
与优秀同行 | 方田教育西安电子科技大学2025届校园招聘简章,2024-10-31,198
「青春聚点，共创未来」 点点互动2025校园招聘正式启动！,2024-10-29,469
成都宽窄智汇科技有限公司,2024-10-31,401
安徽理工大学2024年博士及高层次人才招聘公告,2024-10-29,412
东海实验室2025年秋季校园招聘正式启动,2024-10-31,491
石头科技2025届校园招聘简章,2024-10-31,1411
中建三局信息技术研究院2025届校园招聘简章,2024-10-31,350
徐州致能半导体有限公司2025年招聘公告,2024-11-01,725
中科院福建物构所王要兵团队招聘研究员、副研究员、助理研究员和博士后,2024-11-01,258
与优秀同行 | 方田教育西安电子科技大学2025届校园招聘简章,2024-11-04,213
哈尔滨理工大学2024年博士引进招聘,2024-11-04,293
河南工程学院2024年高层次人才招聘简章,2024-10-28,388
中信证券（山东）有限责任公司,2024-10-28,763
共享集团2025届校园招聘！宁夏！安徽！四川！山东！,2024-11-01,515
与优秀同行 | 方田教育西安电子科技大学2025届校园招聘简章,2024-10-28,284
数字广东网络建设有限公司,2024-10-28,929
珠海金山数字网络科技有限公司,2024-10-28,395
事业编制，浙大宁波理工学院计算机与数据工程学院2024年招聘公告,2024-10-29,396
中国人民解放军第五三一一工厂2025届校园招聘,2024-10-26,973
广州三环专利商标代理有限公司,2024-10-25,365
航空工业庆安集团有限公司（西安）2025年校园招聘,2024-10-25,3017
江门市宝士制冷电器有限公司,2024-10-24,494
Beyond Innovative——2025年易宝支付校园招聘,2024-10-25,1399
福建省三钢（集团）有限责任公司2025校园招聘,2024-10-28,482
河北博威集成电路有限公司2025届招聘简章,2024-10-28,1045
中建五局山东公司 “青苗计划”2025校园招聘公告,2024-10-22,439
西安工商学院2024年人才招聘启事,2024-10-24,1159
中国一汽2025全球校园招聘,2024-10-28,481
江苏海洋大学2024年诚聘海内外英才,2024-10-22,270
青春LI量 远征星辰-湖南中科星城石墨有限公司2025校园招聘,2024-10-22,538
徐州致能半导体有限公司2025年招聘公告,2024-10-22,466
亿联银行2025年校园招聘,2024-10-24,465
长亭科技2025校园招聘,2024-10-23,550
“泰有引力 职等你来”  2024泰州市网络招聘引才系列活动招聘简章,2024-10-23,484
呼伦贝尔学院2024年博士需求公告,2024-10-24,235
济南中科核技术研究院（中科院高能所济南研究部）  2025年校园招聘,2024-10-23,732
与优秀同行 | 方田教育西安电子科技大学2025届校园招聘简章,2024-10-24,257
《保卫萝卜》研发商【飞鱼科技】2025届秋季校园招聘火热进行中！,2024-10-24,327
桂林长海发展有限责任公司,2024-10-14,623
福建火炬电子科技股份有限公司2025届校园招聘,2024-10-14,366
与优秀同行 | 方田教育西安电子科技大学2025届校园招聘简章,2024-10-14,265
镁伽科技2025校园招聘,2024-10-15,1206
吉林省吉科软信息技术有限公司,2024-10-15,1082
广州海颐软件有限公司,2024-10-15,461
瀚海聚能2025届校园招聘,2024-10-15,590
思念食品有限公司,2024-10-16,427
徐州致能半导体有限公司2025年招聘简章,2024-10-14,444
睿欣教育2025届招聘简章,2024-10-16,351
杭州职业技术学院2024年公开招聘高层次人才公告,2024-10-17,534
与优秀同行 | 方田教育西安电子科技大学2025届校园招聘简章,2024-10-17,308
湖北省招标股份有限公司2025届校园招聘简章,2024-10-16,581
西安工业大学2024年专任教师招聘公告,2024-10-16,875
石家庄医学高等专科学校教师招聘公告,2024-10-21,1030
金蝶2025届校园招聘简章,2024-10-17,835
与优秀同行 | 方田教育西安电子科技大学2025届校园招聘简章,2024-10-21,245
中国电建集团河北省电力勘测设计研究院有限公司2025年校园招聘公告,2024-10-18,468
中国重汽集团2025届校园招聘,2024-10-21,1498
武汉众邦银行股份有限公司,2024-10-21,427
西安前沿动力软件开发有限责任公司,2024-10-09,680
中国能建广东火电2025届校园招聘,2024-10-08,532
南京科远智慧科技集团股份有限公司2025届校园招聘简章-自控项目工程师,2024-10-09,684
怡π即合，无限可能—怡亚通2025届校园招聘,2024-10-08,531
航天时代飞鹏有限公司2025届校园招聘正式启动,2024-10-08,309
中煤航测遥感集团有限公司2025年度高校毕业生需求计划,2024-10-08,1380
北京积加科技有限公司,2024-10-08,513
经纬恒润2025年全球博士招募计划正式启动！,2024-10-10,715
与优秀同行 | 方田教育西安电子科技大学2025届校园招聘简章,2024-10-10,655
众阳健康科技集团2025届招聘公告,2024-10-09,871
内蒙古工业大学2024年人才招聘,2024-10-11,473
（世界五百强、国有控股、中外合资）金隆铜业有限公司,2024-10-11,527
2025届中乔体育校园招聘简章,2024-10-11,536
华大智造展翼2025届校园招聘,2024-10-12,574
国网信通产业集团中电普华2025届校园招聘,2024-10-10,1316
专注核心领域 践行科技力量   ——品高股份2025届校园招聘火热开启！,2024-10-12,548
古茗茶饮2025届“对味青春共饮热爱”校园招聘,2024-10-11,632
杭州牧星科技有限公司,2024-10-13,2278
浙江艺术职业学院常年诚聘高层次人才,2024-10-14,319
国家电投集团五凌电力有限公司2025校园招聘,2024-10-11,1403
诸暨荣怀学校2025校园招聘,2024-10-08,731
鲁东大学诚聘高层次领军人才,2024-10-08,272
徐州致能半导体2025届校园招聘简章,2024-10-07,686
福建火炬电子科技股份有限公司2025届校园招聘,2024-09-06,399
中建三局信息技术研究院2025届 校园招聘简章,2024-10-08,600
民航新疆空管局关于2025年应届毕业生秋季校园招聘启事,2024-12-24,308
昆明醋酸纤维有限公司2025年招聘公告,2024-12-19,254
湖南省益阳职业技术学院2025年引进紧缺（急需）人才公告,2024-12-24,127
事业编制，年薪45万起！哈尔滨工程大学2024年招聘师资博士后,2024-12-20,298
四川财经职业学院2024年高层次人才招聘补充公告,2024-12-23,150
重庆应用技术职业学院2024年教师招聘计划,2024-12-25,153
共青科技职业学院2024年人才招聘公告,2024-12-19,256
重庆农村商业银行2025校园招聘启事,2024-12-06,200
安庆师范大学马克思主义学院2024年公开招聘高层次人才,2024-12-03,210
中国矿业大学徐海学院2025年公开招聘工作人员公告,2024-12-05,242
安庆师大经管学院｜博士招聘·鱼与熊掌可兼得,2024-12-04,228
内蒙古工业大学2024年人才招聘,2024-12-06,248
中国证券投资基金业协会2025年度校园招聘公告,2024-12-04,336
厦门士兰集科微电子2025届校园招聘,2024-12-05,436
天津市教育科学研究院2025年公开招聘博士公告,2024-12-09,231
云南锡业集团（控股）有限责任公司  2025年度高校毕业生招聘简章,2024-12-10,363
中信金属股份有限公司2025 届校园招聘,2024-12-06,551
济南政金通达投资管理有限公司招聘公告,2024-12-13,424
安徽农业大学植物保护学院2024年引进高层次人才(团队)公告,2024-12-16,162
金昌市市直和县直教育系统2025年第一批引进高层次和急需紧缺人才公告,2024-12-16,212
义乌工商职业技术学院2024年高层次人才引进招聘公告,2024-12-10,285
“梦想靠岸”招商银行宁波分行2025年校园招聘公告,2024-12-17,237
金昌市卫生健康系统2025年第一批引进高层次和急需紧缺人才公告,2024-12-16,200
天津仁爱学院2024年教师招聘计划,2024-12-18,260
2024海交会之青年科技人才嘉年华（招聘会）暨项目人才交流对接会,2024-12-11,501
南阳师范学院2024年诚聘高层次人才启事,2024-12-05,290
同济大学-井冈山大学联合实验室2024年全球人才招募公告,2024-12-17,198
上海期货交易所上海国际能源交易中心2025年招聘公告,2024-11-29,303
浙江大学医学院附属第一医院2025年派遣制人员招聘公告,2024-11-29,338
（世界500强国企）物产中大金属集团有限公司  2025届秋季校园招聘简章,2024-11-27,383
山东高速集团有限公司2024年下半年校园招聘公告,2024-11-29,448
烟台理工学院专任教师招聘公告,2024-11-29,238
国家外汇管理局中央外汇业务中心   2025 年度公开招聘公告,2024-11-28,368
深圳农业与食品投资控股集团有限公司2025届校园招聘,2024-12-02,298
中央结算公司博士后科研工作站2025年度招聘公告,2024-11-29,190
青岛银行股份有限公司2025年校园招聘公告,2024-11-29,465
潍柴集团第七届“博士开放日”邀请函,2024-12-03,186
​神驰机电2025届秋季校园招聘,2024-12-02,340
福建（泉州）先进制造技术研究院  2024年招聘简章,2024-12-02,299
南阳市宛东中等专业学校,2024-12-03,177
赣东学院2024年引进高校副教授公告,2024-12-03,184
【第八场】高校人才网2024博士暨中高级人才RPO线上面试会邀请函,2024-12-03,210
广州期货交易所技术子公司（筹）首批校园招聘启事,2024-12-02,1455
中央国债登记结算有限责任公司  2025年度校园招聘启事,2024-11-25,550
宣威市教育体育局所属部分学校2025年公开引进教育人才专项公告,2024-11-27,303
西安工程大学招聘青年教师,2024-12-02,380
中国能源建设集团湖南省电力设计院有限公司2025届冬季校园招聘公告--电气专场,2024-12-02,207
唐银公司2025年应届毕业生招聘公告,2024-11-19,300
湛江科技学院2024年招聘优秀人才,2024-11-19,324
芯鑫租赁校招简章,2024-11-19,370
深圳方正微电子有限公司2025秋季校园招聘补录,2024-11-20,464
河南航空港投资集团有限公司2025届校园招聘公告,2024-11-20,256
电力扬帆时 青春启新航  ——广州南方投资集团有限公司2025年校园招聘简章,2024-11-21,294
江苏飞特尔通信有限公司,2024-11-20,588
江西省水利投资集团有限公司2025年第二批次校园招聘简章,2024-11-19,410
重庆国际人才交流大会西部地区联合引才活动,2024-11-19,269
中国水利水电科学研究院2025年度公开招聘工作人员公告,2024-11-21,370
天桥脑科学研究院AI人才招募,2024-11-21,364
阜阳师范大学数学与统计学院2024年高层次人才招聘公告,2024-11-21,212
莱商银行2025年校园招聘启事,2024-11-22,332
“梦想靠岸”招商银行佛山分行2025冬季校园招聘启事,2024-11-22,303
国家移民管理局出入境管理信息技术研究所 2025年公开招聘事业编制人员,2024-11-22,570
水利部有关直属单位招聘2025年应届毕业生公告,2024-11-21,336
西安银行2025秋季校园招聘启事,2024-11-21,1131
（优秀博士人才）鲁东大学2024年公开招聘工作人员简章,2024-11-25,334
“智汇潇湘 聚才湘潭” 2025年湘潭市市直事业单位人才引进 （上海专场）公告,2024-11-24,362
水利部太湖流域管理局局属事业单位2025年公开招聘工作人员公告,2024-11-21,473
雅安市2024年招才引智活动面向全国引进高层次和急需紧缺人才公告,2024-11-12,369
2025年军队文职人员公开招考工作全面展开欢迎有志之士报考火箭军工程大学,2024-11-11,537
北京证券交易所 全国股转公司2024年校园招聘正式启动！,2024-11-12,331
11月浙江水利水电学院2024年特殊专业技术岗位目录更新信息,2024-11-12,207
2024年“黄河入海·才聚东营”  郑州、西安、哈尔滨招才引智高校行招聘活动公告,2024-11-11,377
成方金融信息技术服务有限公司（中国人民银行数据中心）2025年校园招聘公告,2024-11-12,512
2024年莆田学院面向具有突出贡献的运动员公开招聘体育教师方案,2024-11-12,206
西南证券2025届秋季校园招聘正式启动,2024-11-12,451
“梦想靠岸”招商银行宁波分行2025年校园招聘公告,2024-11-12,204
宁波工程学院2024年高层次人才（教师）招聘公告,2024-11-14,393
中国矿业大学徐海学院2025年公开招聘工作人员公告,2024-11-14,308
新疆维吾尔自治区阿克苏地区2024年下半年  引进急需紧缺人才公告,2024-11-14,430
遵义市2024年秋季赴全国高校引才公告——遵义市“千企万岗进百校”引才活动,2024-11-14,368
招商银行股份有限公司海口分行2025年秋季校园招聘,2024-11-15,215
中芯国际2025届 设备类岗位校园招聘简章,2024-11-13,913
特斯拉T-STAR实习生计划启动,2024-11-18,537
大连银行2025届秋季校园招聘公告,2024-11-15,472
甘肃农信2025年度校园招聘公告,2024-11-15,444
民航浙江空管分局2025年招聘公告,2024-11-12,380
中关村发展集团  2025年校园招聘及博士后招聘公告,2024-11-18,511
【第七场】高校人才网2024博士暨中高级人才RPO线上面试会邀请函,2024-11-05,295
中国民用航空中南地区空中交通管理局广西分局2025年应届毕业生招聘公告,2024-11-05,887
成方金科（中国人民银行软件开发中心）2025届校园招聘,2024-11-06,1616
民航山东空管分局招聘公告,2024-11-04,544
瑞丰银行2025秋季校园招聘启事,2024-11-06,344
萍乡学院2024年博士高层次人才引进公告,2024-11-06,263
报名仅剩两周！——中国石化湖北石油校园招聘,2024-11-04,260
火光课堂教育科技（重庆）有限公司2025秋季校园招聘,2024-11-07,303
中共四川天府新区眉山工作委员会党群工作部 四川天府新区眉山教育体育和文化旅游局关于眉山天府学校2024年下半年第二轮公开考核招聘事业人员的公告,2024-11-08,274
杭州朗迅科技股份有限公司,2024-11-08,604
广州联通2025届校园招聘正式启动！,2024-11-08,618
北京亦庄投资控股有限公司2025届校园招聘正式启动！,2024-11-08,439
瑞意进取 盈新而上  华夏久盈2025年校园招聘,2024-11-07,268
中泰信托有限责任公司2025年校园招聘,2024-11-08,632
国投交通2025年校园招聘简章,2024-11-06,511
中国金融期货交易所2024年应届毕业生、新疆籍和西藏籍少数民族毕业生、博士后招聘公告,2024-11-11,289
湖南长银五八消费金融股份有限公司  2024-2025校园招聘公告,2024-11-11,221
空军勤务学院2025年军队文职人员公开招考岗位,2024-11-11,1244
​多益网络2025届校园招聘秋招第四场在线宣讲会,2024-11-11,234
中国人民银行清算总中心2025年度公开招聘公告,2024-11-11,802
中国民用航空三亚空中交通管理站2025年应届毕业生公开招聘公告,2024-11-01,436
中国铁塔股份有限公司河南省分公司,2024-10-31,1275
上海仪电2025管培生、工培生校园招聘,2024-10-31,288
中国民用航空汕头空中交通管理站,2024-11-01,238
联通在线信息科技有限公司 2025年校园招聘,2024-10-31,615
重庆银行2025年校园招聘,2024-11-01,385
【杭州外企】微策略 2025 届校园招聘正在进行中,2024-11-01,629
网联清算有限公司,2024-11-01,1022
三一重装25届制造管理校园招聘简章,2024-11-01,672
威海市商业银行2025届校园招聘信息,2024-11-01,278
中国对外贸易中心集团有限公司2025年度招聘,2024-11-03,825
民航珠海进近管制中心2025年应届毕业生公开招聘公告,2024-11-04,341
江苏国泰博创实业有限公司,2024-10-31,505
中国民用航空青岛空中交通管理站,2024-11-02,482
积加科技2025届全球校园招聘 引领智能家居与AI的未来,2024-11-01,936
趵突泉实验室2025届校园招聘,2024-10-30,517
广元市2024年（第十七批）公开引进高层次和急需紧缺人才公告,2024-10-31,666
瑞丰银行2025秋季校园招聘启事,2024-11-02,257
四川文理学院2025年塔石人才引进公告,2024-10-31,408
杭州信友队教育科技有限公司,2024-10-31,603
中国信息通信研究院2025届校园招聘,2024-10-28,710
烟台东方威思顿电气有限公司2025届校园招聘简章,2024-10-28,319
公安部第三研究所2025届 应届毕业生校园招聘,2024-10-28,1883
浙江省国际贸易集团有限公司,2024-10-28,552
特变电工新变厂(中国500强) 2025届校园招聘简章,2024-10-28,569
珠海横琴新区三江人力资源综合服务中心有限公司,2024-10-29,273
网龙网络公司2025届校园招聘简章,2024-10-29,394
长水教育集团2025届校园招聘正式启动,2024-10-29,302
浙江省自然资源集团有限公司2025年度招聘,2024-10-29,912
陕西邮政2025年度校园招聘,2024-10-29,1265
【OFweek人才网】华润燃气能源发展2025届校园招聘,2024-10-29,447
齐鲁理工学院2024年诚聘海内外优秀人才,2024-10-29,360
招商银行股份有限公司海口分行2025秋季校园招聘,2024-10-30,296
孝感市直事业单位2025年度人才引进秋季校园招聘公告https://mp.weixin.qq.com/s/R6lluOQrgO3X7BWNCvfqRw,2024-10-30,669
望华（MCG）2025年春季招聘,2024-10-29,631
魅力唐银，成就非凡 | 唐山银行2025年校园招聘正式启动,2024-10-30,219
洛阳钼业CMOC  2025全球管理培训生招聘,2024-10-29,305
中国东风汽车工业进出口有限公司  2025年校园招聘公告,2024-10-28,492
中国人民警察大学2024年博士研究生招聘启事,2024-10-30,905
江苏凤凰新华书店集团有限公司,2024-10-30,631
中国绿发投资集团有限公司2025校园招聘,2024-10-25,1694
山东省农村信用社联合社2025年度信息科技类应届毕业生校园招聘公告 （面向西安电子科技大学）,2024-10-25,613
2025年校园招聘启事,2024-10-25,498
长安福特|长安福特新能源汽车有限公司,2024-10-25,832
天津银行2025校园招聘公告,2024-10-25,433
重庆三峡水利电力（集团）股份有限公司,2024-10-25,690
龙旗科技2025届校园招聘,2024-10-25,2006
华泰证券2025届秋季校园招聘进行中！,2024-10-25,741
中国铁塔股份有限公司甘肃省分公司2025年秋季校园招聘,2024-10-25,506
潍坊银行2025年校园招聘启事（秋季）,2024-10-25,274
2025年天津农商银行校园招聘启事,2024-10-25,281
湖南湘科控股集团有限公司2025届校园招聘简章,2024-10-25,772
北京亦庄国际产业投资管理有限公司,2024-10-27,457
新疆众和股份有限公司,2024-10-28,608
中国华电2025年毕业生招聘公告,2024-10-25,8974
南京工程学院2024年人才招聘公告,2024-10-24,591
中科工业人工智能研究院,2024-10-26,1815
联通（广东）产业互联网有限公司2025校园招聘简章,2024-10-24,1613
中国航天时代电子有限公司,2024-10-27,806
光联万物，e起加速—成都新易盛通信2025届校园招聘,2024-10-24,393
新东方教育科技集团山东省域2025校园招聘,2024-10-23,431
国家电力投资集团有限公司  2025年应届毕业生招聘简章,2024-10-23,2406
山西阳光焦化集团股份有限公司2025届秋季校园招聘,2024-10-23,397
越秀地产2025届校园招聘简章,2024-10-23,340
东北电力大学2024年招聘公告,2024-10-23,291
云鼎科技股份有限公司2025届秋季校园招聘,2024-10-23,1033
海南电网有限责任公司2025年校园招聘公告,2024-10-23,321
广西电网有限责任公司2025年校园招聘公告,2024-10-24,522
清华附中秦汉学校2024年秋季教师招聘公告,2024-10-23,911
国防科技大学电子对抗学院社会招聘公告（第三季度）,2024-10-24,504
国家开发投资集团有限公司  2025年度应届毕业生招聘公告,2024-10-23,758
重庆芯联微电子有限公司,2024-10-24,978
中国太平洋财产保险股份有限公司,2024-10-24,1067
浙江省水利水电勘测设计院有限责任公司,2024-10-24,559
苏州欧圣电气股份有限公司,2024-10-24,399
清华四川能源互联网研究院  2025校园招聘公告,2024-10-24,350
广州黑格智造信息科技有限公司,2024-10-24,1007
国防科技大学计算机学院人才引进政策和计划 2024年度面向社会公开引才！,2024-10-24,384
宜昌测试研究所（中国船舶重工集团有限公司第七一0研究所）,2024-10-24,693
华润啤酒2025届秋季校园招聘,2024-10-24,529
烟台东方威思顿电气有限公司2025届校园招聘简章,2024-10-21,427
郑州商品交易所集团2024年秋季招聘,2024-10-21,524
中国铁塔股份有限公司四川省分公司,2024-10-21,984
威胜集团有限公司,2024-10-21,1035
“心有梦，就绍兴“人才专列启航,2024-10-21,430
中石油深圳新能源研究院有限公司,2024-10-21,430
中国人民警察大学博士研究生招聘启事,2024-10-21,407
中冶南方自动化2025年领航人才（博士）专项招聘计划,2024-10-22,315
绝味食品股份有限公司,2024-10-21,530
中国光大银行北京分行2025年,2024-10-22,498
天津港（集团）有限公司2025年面向高等院校应届大学生招聘,2024-10-22,724
四川农商银行2025年校园招聘公告,2024-10-22,610
南昌工学院2024年秋季教师招聘启事,2024-10-22,400
央企--华润建材科技2025届校园招聘,2024-10-22,593
隧道股份&城市运营2025届校园招聘简章,2024-10-22,512
中国石化茂名石化公司2025年校园招聘,2024-10-23,407
新疆维吾尔自治区喀什地区人力资源和社会保障局,2024-10-23,1063
英大泰和财产保险股份有限公司  2025届校园招聘,2024-10-23,294
深圳市吉祥腾达科技有限公司,2024-10-23,683
中国电子科技集团公司第九研究所2025届校园招聘,2024-10-22,1156
中原银行2025年校园招聘公告,2024-10-18,423
中信重工2025年校园招聘简章,2024-10-19,716
山东航空学院2024年诚聘海内外优秀人才,2024-10-20,352
“元来石你，职揽青才”2024年元石校招青才项目,2024-10-19,912
广东电网2025年校园招聘公告,2024-10-18,896
中国铁塔浙江省分公司  2025秋季校园招聘全面启动,2024-10-18,979
联咏电子科技（西安）有限公司-软开、算法,2024-10-21,781
中石化石油工程设计有限公司,2024-10-21,531
快手2025届秋季校园招聘,2024-10-19,1858
广州诗悦网络科技有限公司2025届校园招聘-多类岗位热招中！,2024-10-21,337
河北东方学院2024-2025学年人才招聘简章,2024-10-21,606
影子科技2025“万有影力”校园招聘,2024-10-19,849
中国航空工业集团贵州永红换热冷却技术有限公司,2024-10-21,442
中国移动咪咕公司2025届秋季校园招聘,2024-10-18,1450
中国铁塔股份有限公司四川省分公司  2025年秋季校园招聘简章,2024-10-21,278
中物院高性能数值模拟软件中心2025届校招,2024-10-18,482
2025大唐电信校园招聘简章,2024-10-18,2220
中国航信2025校园招聘简章,2024-10-18,3093
安利（中国）2025届校园招聘,2024-10-21,359
延长壳牌（四川）石油有限公司招聘简章,2024-10-21,263
中国共产党崇州市委员会组织部,2024-10-17,464
湖南金叶烟草薄片有限责任公司2024年公开招聘公告,2024-10-16,756
齐鲁银行2025校园招聘启事,2024-10-17,396
神驰机电股份有限公司,2024-10-16,656
2025红杉联合校园招聘 看到更远的未来,2024-10-17,516
中国铁塔陕西省分公司2025年秋季校园招聘全面启动,2024-10-17,850
笑盈未来 一起成长 | 萧山农商银行2025年校园招聘火热进行中,2024-10-17,449
衢州学院2024年高层次人才招聘公告,2024-10-17,289
中国石油天然气股份有限公司勘探开发研究院西北分院,2024-10-16,683
衢州学院2024年高层次人才招聘,2024-10-17,261
中国贸促会专利商标事务所2025年度秋季校园招聘简章,2024-10-17,429
泸州银行2025秋季校园招聘简章,2024-10-17,624
华泰证券2025届秋季校园招聘进行中！,2024-10-17,578
惠州市西顿工业发展有限公司,2024-10-18,330
邓白氏2025校园招聘正式开启,2024-10-18,703
百融云创2025校园招聘简章,2024-10-18,482
中国铁塔2025年秋季校园招聘正式启动,2024-10-18,696
山东省港口集团有限公司2025年应届大学毕业生招聘简章,2024-10-17,830
让文化照亮梦想—陕文投集团“青英梦想计划”2025校园招聘简章,2024-10-18,548
襄阳市2024年“校企双聘”引进人才公告,2024-10-18,420
中国光大银行2025年校园招聘启事,2024-10-15,470
2024年赣州市“引才聚赣州 携手创未来” 组团引才暨“双招双引”（西安站）活动,2024-10-15,287
东莞银行2025届秋季校园招聘简章,2024-10-16,182
上海浦东发展银行股份有限公司南昌分行,2024-10-16,227
国家税务总局广东省税务局2025年公务员招录公告,2024-10-16,1422
宁波银行总行金融科技部招聘简章  与“宁”同行，“银”领未来,2024-10-16,326
中华财险2025年校园招聘简章,2024-10-16,534
深圳市理邦精密仪器股份有限公司,2024-10-15,1358
MetaApp（游戏）2025届秋季校园招聘,2024-10-16,624
中国联通广西分公司2025秋季校园招聘,2024-10-16,331
2024年陕西省“组团式”招才引智暨陕西国有企业人才招聘周活动公告,2024-10-16,593
2024年“自贡知名高校秋招行人才主题日”活动面向全国知名高校引进高层次和急需紧缺人才公    告,2024-10-16,311
广发银行股份有限公司,2024-10-16,621
让文化照亮梦想—陕文投集团“青英梦想计划”2025校园招聘  招 聘 简 章,2024-10-16,370
“大数据，达梦想”  北京大数据先进技术研究院  “数据空间技术与系统”全国重点实验室2025届校园招聘简章,2024-10-16,392
江西铁塔2025年秋季校园招聘,2024-10-16,321
广发银行福州分行2025年度校园招聘公告,2024-10-16,232
《浙江水利水电学院2024年特殊专业技术岗位目录》10月更新信息,2024-10-16,218
国家开发银行2025年校园招聘公告,2024-10-16,743
国网数字科技控股有限公司（国网雄安金融  科技集团有限公司）2025年校园招聘,2024-10-16,1930
深圳汉阳科技有限公司,2024-10-15,1672
中石化经纬有限公司2025年度校园招聘,2024-10-14,618
上海积塔半导体有限公司2025届校园招聘,2024-10-15,687
成都农商银行2025年校园招聘公告,2024-10-15,323
“梦想靠岸”招商银行南宁分行2025秋季校园招聘,2024-10-14,202
中国光大银行信用卡中心2025年招聘,2024-10-14,405
成都华芯天微科技有限公司2025届校园招聘（射频、天线等硬件技术岗）,2024-10-15,938
常州信息职业技术学院2024年公开招聘教师公告（编号：202402）,2024-10-15,369
中信科移动通信技术股份有限公司2025年校园招聘简章,2024-10-14,1485
渤海银行2025年校园招聘简章,2024-10-15,346
一汽弗迪新能源科技有限公司2025届校园招聘,2024-10-15,524
浙江宁银消费金融股份有限公司,2024-10-15,870
西安华讯科技有限责任公司,2024-10-14,1339
国信蓝桥人才服务（北京）有限公司,2024-10-14,296
中国光大银行武汉分行2025年校园招聘,2024-10-15,357
烟台东方威思顿电气有限公司2025届校园招聘简章,2024-10-14,342
浙商银行2025校园招聘启事,2024-10-15,676
众合科技2025届秋季校园招聘,2024-10-14,962
中国移动福建公司2025秋季校园招聘,2024-10-14,512
中国大唐集团数字科技有限公司2025年高校毕业生招聘公告,2024-10-14,2755
湖北联投集团有限公司2025届 校园招聘简章,2024-10-11,540
新东方2025全球联合校园招聘,2024-10-12,585
招商银行股份有限公司海口分行2025秋季校园招聘,2024-10-12,284
青海省农商银行（农信社）系统  2025年度校园招聘公告,2024-10-12,475
烟台东方威思顿电气有限公司2025届校园招聘简章,2024-10-11,447
广汽集团2025校园招聘简章,2024-10-12,622
吉林省2024年秋季组团引才公告,2024-10-12,1889
常州纵慧芯光半导体科技有限公司2025届校园招聘,2024-10-12,727
国家电网-北京智芯微电子科技有限公司  2025届校园招聘,2024-10-12,1140
哈尔滨理工大学2024年博士引进招聘,2024-10-12,328
中国移动终端公司2025秋季校园招聘,2024-10-12,824
深圳市洲明科技股份有限公司,2024-10-14,1501
中国石油集团渤海钻探工程有限公司,2024-10-14,307
中国科学院微电子研究所管理部门2024年业务主管招聘启事,2024-10-14,511
宁波银行上海分行2025秋季校园招聘启事,2024-10-12,373
国家开发银行厦门市分行2025年高校毕业生招聘公告,2024-10-14,476
中国移动通信集团湖南有限公司2025校园秋季招聘进行中,2024-10-14,413
青岛东软载波科技股份有限公司2025届招聘简章,2024-10-14,354
重庆医科大学2024年考核招聘高层次人才公告,2024-10-14,296
机会来啦！湖北省宜昌市2025年“招才兴业”第一批岗位需求目录已发布,2024-10-14,449
广发银行西安分行2025年度校园招聘,2024-10-10,879
北京数码视讯科技集团2025校园招聘,2024-10-11,800
四川天府新区香山中学2024年招聘,2024-10-11,667
中国光大银行武汉分行2025年 校园招聘启事,2024-10-11,311
湖北联投集团有限公司2025届校园招聘简章,2024-10-10,1216
湖北交通投资集团有限公司  2025年秋季校园招聘公告,2024-10-11,1075
北京理想汽车校园招聘正式启动,2024-10-10,902
华润集团 丨华润万象生活商业航道2025届万象生校园招聘正式启动！,2024-10-11,653
长沙城市发展集团有限公司,2024-10-11,919
华泰证券2025届秋季校园招聘进行中！,2024-10-11,632
中国建设银行厦门市分行2025年度校园招聘公告,2024-10-11,243
交通银行股份有限公司海南省分行,2024-10-11,642
移动研究院2025秋季校园招聘正式启动,2024-10-11,820
四川民族学院2024年引进高层次人才公告,2024-10-11,321
中国邮政集团有限公司湖南省分公司2025年度秋季联合校园招聘,2024-10-11,646
南京巨鲨显示科技有限公司,2024-10-11,412
香港CLP中电集团2025届校园招聘,2024-10-11,1018
白盒子（上海）微电子科技有限公司,2024-10-11,662
中信金融租赁有限公司2025届校园招聘公告,2024-10-11,602
国能大渡河大数据服务有限公司2025年高校毕业生统招公告,2024-10-11,1198
贵州省黔东南州赴省内外高校开展 2025年人才引进活动公告,2024-10-09,699
360集团2025全球校园招聘,2024-10-10,933
中国移动在线营销服务中心 2025校园招聘暨“金种子计划”招聘简章,2024-10-10,909
中国特种飞行器研究所,2024-10-10,2850
喜临门2025届全球校园招聘,2024-10-09,463
数据所（兴唐公司）2025校园招聘,2024-10-09,717
昕诺飞2025校园招聘,2024-10-09,881
中国石化扬子石油化工有限公司,2024-10-09,1597
杭州安费诺飞凤通信部品有限公司2025年应届生招聘简章,2024-10-10,1022
中科信公司2025届校园招聘简章,2024-10-09,840
增芯科技2025届校园招聘,2024-10-09,1181
宁波韵升校园招聘简章,2024-10-09,605
国家开发银行-国银金租2025年高校毕业生招聘公告,2024-10-09,953
中国电子科技集团公司第三十四研究所2025届招聘公告,2024-10-09,1395
2024年沁园集团校园招聘简章,2024-10-09,1462
湖北能源集团股份有限公司2025届校园招聘简章,2024-10-10,732
【第六场】高校人才网2024博士暨中高级人才  RPO线上面试会邀请函,2024-10-09,632
【央企科研院】中国石油工程院诚揽2025届青年优才加盟,2024-10-09,1085
湖南省交通规划勘察设计院有限公司2025届校园招聘公告,2024-10-10,639
中国三峡新能源（集团）股份有限公司 2025年秋季校园招聘公告,2024-10-09,1286
西安特变电工电力设计有限责任公司2025招聘简介,2024-10-08,908
“保利和伙人成长每一轮”保利发展控股2025届校园招聘简章,2024-10-08,1109
西安因诺航空科技有限公司2025届校园招聘,2024-10-08,861
中国航空工业集团-贵阳航空电机有限公司招聘公告,2024-10-08,493
延长壳牌（成都）2025秋招,2024-10-08,400
中铁二十三局集团有限公司2025届高校毕业生招聘简章,2024-10-08,1205
中国联通湖南省分公司2025校园招聘公告,2024-10-08,1239
浙江邮政2025年校园招聘,2024-10-08,728
有道领世2025晨星计划-招聘简章,2024-10-08,878
研发岗位招聘,2024-10-08,685
国家电网公司直属单位国网信息通信产业集团有限公司2025届校园招聘正式启动,2024-10-08,3643
华润啤酒2025届秋季校园招聘,2024-10-08,623
联芯集成电路制造（厦门）有限公司校园招聘,2024-10-08,743
杭州联华华商集团校园招聘,2024-10-08,501
“芯光聚华润泽We来”华润微电子2025届秋季校招正式启动！,2024-10-09,728
福建（泉州）先进制造技术研究院  2024年招聘简章,2024-10-09,411
统信软件2025届校园招聘简章,2024-10-09,499
特变电工新变厂(中国500强) 2025届校园招聘简章(天津市+西安市+新疆昌吉市+海外)(十月发行),2024-10-09,721
国家管网集团北京管道有限公司2025年校园招聘,2024-10-08,1359
“邮你政好”中国邮政江西省分公司2025年校园招聘公告,2024-10-09,260
招商银行股份有限公司海口分行2025秋招,2024-09-30,430
江西生益科技有限公司校招简章2025（最新0927）,2024-09-30,768
与优秀同行 | 方田教育西安电子科技大学2025届校园招聘简章,2024-09-30,287
海南大学网络空间安全学院（密码学院）  线下宣讲-西安电子科技大学站,2024-09-30,445
武警工程大学人才引进,2024-09-30,2290
福建睿能科技25届秋季招聘,2024-09-30,484
“视界无限，宇你同行” ——宇视科技2025届校园招聘简章,2024-09-30,868
南京巨鲨显示科技有限公司,2024-09-30,724
国家开发银行新疆分行2025年校园招聘公告,2024-09-30,449
民航机场成都电子工程设计有限责任公司2025年度校园招聘简章,2024-10-06,634
成都大学,2024-09-30,795
青春逐梦，温暖相伴温州银行2025年校园招聘启事,2024-10-08,272
乐山市商业银行2025秋季校园招聘公告,2024-10-08,258
北京游酷盛世2025校园招聘正式启动,2024-10-06,374
与艾罗一起，“电”亮绿色未来！,2024-09-30,373
信梦想，期未来 中信期货2025届未来星校园招聘正式启动啦！,2024-10-08,388
中国移动浙江公司诚邀2025届校园应届毕业生加盟！,2024-10-08,356
山大地纬软件股份有限公司2025届校招简章,2024-09-30,855
广发银行长沙分行2025年度校园招聘,2024-10-08,263
中国联合网络通信有限公司山东省分公司2025秋季校园招聘简章,2024-10-08,1037
2025届中银消费金融校园招聘简章,2024-09-29,911
保利和润房地产投资顾问有限公司2025校园招聘,2024-09-29,357
浙江广厦建设职业技术大学2024年高层次人才招聘公告,2024-09-29,482
中邮保险宁夏分公司2025年度校园招聘公告,2024-09-29,459
四川广义微电子股份有限公司,2024-09-29,2846
华能甘肃能源开发有限公司所属基层企业2025年校园招聘公告,2024-09-29,696
“邮你政好”中国邮政集团有限公司重庆市分公司2025年校园招聘,2024-09-29,641
新华三集团2025届秋季校园招聘火热开启,2024-09-29,602
建发集团2025届秋季校园招聘正式启动,2024-09-29,1145
成都市新都区人民政府,2024-09-29,830
中国移动通信集团台州分公司2025年度秋季校园招聘公告,2024-09-29,372
烟台东方威思顿电气有限公司2025届校园招聘简章,2024-09-29,425
国网冀北电力有限公司2025年高校毕业生校园招聘公告,2024-09-29,859
中国石油锦州石化分公司 2024年秋季高校毕业生招聘公告,2024-09-30,530
广安理工学院10月10日上午10点全球云直播  欢迎海内外英才预约聆听！,2024-09-29,368
帝迈2025届校园招聘简章,2024-09-30,631
深圳思摩尔国际2025届校园招聘,2024-09-30,2654
龙湖集团2025届仕官生校园招聘火热开启！,2024-09-30,471
国防科技大学计算机学院人才引进政策和计划2024年度面向社会公开引才！,2024-09-30,740
建信融通有限责任公司2025届校园招聘简章,2024-09-29,529
李宁“未来运动装备畅想——世界以我为名”全球高校设计赛,2024-09-27,344
【万达商管】万达商业管理集团有限公司陕西分公司2025年校园招聘,2024-09-27,609
中国石油天然气股份有限公司广西销售分公司,2024-09-27,767
中国电信股份有限公司陕西分公司2025校园招聘,2024-09-27,1907
浦发银行大连分行2025年秋季校园招聘,2024-09-27,565
龙湖集团点将校园招聘焕新启动！ ——点亮未来，百战成将！,2024-09-28,494
国家管网集团西部管道有限责任公司2025年高校毕业生宣讲公告,2024-09-28,702
杭州学天砺行教育科技有限公司,2024-09-27,957
重庆三峡银行 2025届“三峡之帆”校园招聘启事,2024-09-27,367
微策略2025届秋季校园招聘全球启动,2024-09-28,1064
九州四海，一起银未来——九江银行2025校园招聘公告,2024-09-29,990
5G无界，未来无限 广和通2025届秋季校园招聘,2024-09-29,767
中国工商银行山东省分行2025年度校园招聘公告,2024-09-29,369
广州航海学院 广州交通大学（筹） 2024年引进人才（学科领军人才）公告,2024-09-29,587
交通银行宁波分行2025校园招聘,2024-09-29,529
中国铁建高新装备股份有限公司2025届毕业生校园招聘简章,2024-09-29,492
人工智能与数字经济广东省实验室（深圳）诚邀国产AI算力生态科研工程人员加盟,2024-09-29,432
专利审查协作河南中心2025年度专利审查员公开招聘公告,2024-09-29,404
中国出口信用保险公司2025年校园招聘公告,2024-09-29,1344
中国人民解放军第五七〇一工厂2025年秋季招聘,2024-09-29,2305
泸州老窖国窖酒类销售股份有限公司2025届校园招聘简章,2024-09-27,598
北京数码大方科技股份有限公司2025届校招简章,2024-09-27,606
杭州芯控智能科技有限公司,2024-09-27,1003
联芯集成电路制造（厦门）有限公司校园招聘,2024-09-27,719
兴业银行北京分行2025校园招聘,2024-09-27,476
华润江中2025届秋季校园招聘,2024-09-27,1105
北京汽车制造厂（青岛）有限公司2025届校园招聘公告,2024-09-27,1165
宁波力劲科技有限公司,2024-09-27,651
大连大学专任教师招聘公告,2024-09-27,469
合肥鸣鸿微电子科技有限公司,2024-09-27,854
交通银行浙江省分行2025校园招聘公告,2024-09-27,479
兴发集团2025届校园人才招聘简章,2024-09-27,2801
贵州省2024年省校合作赴省外知名高校 引才活动人才需求,2024-09-27,610
CY24_金融期货信息技术_秋季_秋招,2024-09-27,367
怡π即合，无限可能—怡亚通2025届校园招聘,2024-09-27,440
二一二越野车有限公司2025届校园招聘简章,2024-09-27,1058
泸州老窖股份有限公司2025全国校园招聘简章,2024-09-27,1099
合肥合锻智能制造股份有限公司——招聘简章,2024-09-27,469
重庆OPPO 2025秋季校园招聘简章,2024-09-27,637
smart 2025届校园招聘 灵感集结，smart开场,2024-09-27,722
中信百信银行股份有限公司,2024-09-26,1664
招商银行股份有限公司海口分行2025秋季校园招聘,2024-09-26,286
安徽康佳同创电器有限公司,2024-09-26,769
平行线教育2025届校园招聘,2024-09-26,814
中国银行中山分行2025年校园招聘,2024-09-26,300
中国电建集团昆明勘测设计研究院有限公司,2024-09-26,457
中通快递集团2025届校园招聘简章,2024-09-26,1856
事业编制，年薪45万起！哈尔滨工程大学2024年招聘师资博士后,2024-09-26,589
中国工商银行江西省分行2025年度校园招聘,2024-09-26,470
中国航天科工集团激光总体设计部2025年人才招聘简章,2024-09-26,1159
【芯山石 信未来】山石网科2025届校园招聘,2024-09-26,734
北京农商银行2025校园招聘公告,2024-09-26,555
深高速2025校招简章,2024-09-26,1380
安徽容知日新2025届秋季校园招聘,2024-09-26,385
中金所数据公司2025年应届毕业生招聘公告,2024-09-26,2358
梦想赛道，等你来跑！浦发银行广州分行2025年度校园招聘启事,2024-09-26,361
长沙银行2025校园招聘启事,2024-09-26,793
中国体育彩票技术团队2025届校招简介,2024-09-26,1062
中国工商银行浙江省分行 2025年度秋季校园招聘公告,2024-09-26,436
正泰安能数字能源（浙江）股份有限公司,2024-09-27,475
衡阳镭目科技有限责任公司2025届校园招聘火热开展中！,2024-09-25,569
青岛鼎信通讯股份有限公司2025届校园招聘简章,2024-09-25,875
中共东莞市委党校2024年下半年公开招聘专业技术人员公告,2024-09-25,316
北京燕东微电子股份有限公司2025校园招聘,2024-09-25,366
长春理工大学教学岗,2024-09-25,257
盛视科技2025届校园招聘,2024-09-25,1202
四川全盛千企万岗！“美丽四川 创业天府”知名高校四川人才活动周开始啦！人才服务有限责任公司,2024-09-25,419
赛恩领动（上海）智能科技有限公司,2024-09-25,554
西门子（中国）有限公司,2024-09-25,10479
北京龙智工程咨询有限公司,2024-09-25,422
斯达半导2025年度校园招聘,2024-09-25,839
阳光学院2024年博士层次专任教师招聘公告,2024-09-25,444
浙江省海港集团、宁波舟山港集团  2025年应届高校毕业生招聘简章,2024-09-25,1774
龙湖集团2025届仕官生校园招聘火热开启！——向上，仕不可挡！,2024-09-26,244
九洲集团2025届校园招聘简章,2024-09-25,2825
国仪量子（合肥）技术有限公司,2024-09-25,1930
龙湖集团2025届绽放生校园招聘火热开启！,2024-09-26,303
中国邮政集团有限公司,2024-09-26,33854
安徽飞数信息科技有限公司2025年校园招聘,2024-09-25,2054
江西省水利投资集团有限公司 2025年第一批次校园招聘简章,2024-09-26,756
中国石化齐鲁石化公司2025年校园招聘简介,2024-09-25,1051
中国人民财产保险股份有限公司福建省分公司 2025届校园招聘简章,2024-09-25,509
力积存储-杭州研发中心-2024秋招,2024-09-25,808
东莞市新兴产业投资有限公司2025校园招聘正式启动,2024-09-24,797
“百万高校毕业生等青年留渝来渝就业创业行动计划”2024年秋季赴全国重点高校（市外） 推介招聘——西安行活动,2024-09-25,415
中国人民解放军61062部队宣讲招聘公告,2024-09-24,1948
华润数科控股有限公司2025届校园招聘简章,2024-09-25,3809
中国石化湖北石油2025年度校园招聘,2024-09-24,632
梦想赛道，等你来跑！浦发银行宁波分行2025年度校园招聘启事,2024-09-25,211
香港科技大学（广州）硕博士师生招生见面会西电专场,2024-09-25,498
浙江交投人才发展集团有限公司,2024-09-25,576
新大陆自动识别 2025届校园招聘简章,2024-09-25,465
联泓新材料2025届秋季校园招聘,2024-09-25,651
趵突泉实验室2025届校园招聘,2024-09-25,585
法奥意威（苏州）机器人系统有限公司招聘简章,2024-09-25,542
中国信息通信科技集团2025招聘简章,2024-09-25,2450
9.25广州万孚生物技术股份有限公司2025届校招空中宣讲会,2024-09-25,285
东风汽车集团股份有限公司乘用车公司2025校园招聘简章,2024-09-24,1296
湛江科技学院2024年招聘优秀人才,2024-09-25,411
中国通信服务浙江公司2025校园招聘,2024-09-24,361
兴耀房产2025届星光生校园招聘简章,2024-09-24,256
Li神动力新启航力神新能源2025届校园招聘,2024-09-24,601
"芯启所向,逐光前行丨江苏第三代半导体研究院秋季校园招聘",2024-09-24,778
上海浦东发展银行股份有限公司宁波分行（上海浦东发展银行宁波分行）,2024-09-24,277
【绿盟科技】2025届校园招聘正式启动搜寻未来网安英雄,2024-09-24,378
"芯启所向,逐光前行丨江苏第三代半导体研究院有限公司实习就业招聘公告",2024-09-24,391
电子科技大学长三角研究院（衢州）2024年面向海内外诚聘博士后,2024-09-24,497
中机国际工程设计研究院有限责任公司 2025届校园招聘简章,2024-09-24,1231
山东省城市商业银行合作联盟有限公司  2025年校园招聘简章,2024-09-24,325
中国移动丽水分公司2025秋季校园招聘简章,2024-09-24,289
成都市2024“蓉漂人才荟”成都高新区公开招聘40名事业单位高层次急需紧缺人才的公告,2024-09-24,747
中熔电气2025届校园招聘公告,2024-09-24,800
中信银行信用卡中心2025年秋季校园招聘简章,2024-09-24,1006
中电福富信息科技有限公司 2025届校园招聘简章,2024-09-24,580
银泰百货2025届校园招聘正式启动,2024-09-24,626
湖南分行2025年度校园招聘公告,2024-09-24,338
中 国 移 动 终 端公司2025秋季校园招聘,2024-09-24,926
百度2025届校园招聘正式启动！,2024-09-24,1282
广东华兴银行2025校园招聘公告,2024-09-24,723
广联达科技股份有限公司,2024-09-24,595
南京巨鲨显示科技有限公司,2024-09-23,318
华帝股份2025届校园招聘丨燃·星火计划,2024-09-24,810
国科大杭州高等研究院2024年全职教学科研人才招聘公告,2024-09-24,457
招商银行梦想靠岸·泉州分行2025校园招聘简章,2024-09-24,200
飞扬青春，凌跃未来-飞凌嵌入式2025届校园招聘,2024-09-24,485
四川省绵阳市2024年招才引智活动 西安专场公告,2024-09-24,1576
有你世界皆春风 春风动力2025校园招聘！,2024-09-24,1465
中国航天科工集团第六研究院四十一所招聘公告,2024-09-23,1073
广西交科集团有限公司2024年校园招聘,2024-09-24,1332
格兰仕2025届校园招聘奔向仕界共创未来！,2024-09-24,588
厦门宏发本部/漳州宏发2025届校园招聘简章,2024-09-23,462
重庆梅安森科技股份有限公司,2024-09-23,992
西湖大学平台支撑岗招聘公告,2024-09-23,520
东北林业大学诚邀海内外英才,2024-09-23,298
深圳市斯维尔科技股份有限公司,2024-09-23,1159
易方达基金2025校园招聘,2024-09-23,1247
北京华宇信息技术有限公司,2024-09-23,438
南京誉葆科技股份有限公司2025校园招聘,2024-09-23,699
烟台东方威思顿电气有限公司2025届校园招聘简章,2024-09-23,458
长沙星融元数据技术有限公司,2024-09-23,614
昆仑数智科技有限责任公司2024年秋季校园招聘,2024-09-23,785
强一半导体（苏州）股份有限公司 2025届校园招聘,2024-09-23,1103
北京市科通电子继电器总厂有限公司,2024-09-23,494
中磊电子（苏州）有限公司技术研发中心,2024-09-23,751
中国人保集团2025届校园招聘简章,2024-09-23,362
阿斯利康中国2025校园招聘简章,2024-09-23,1334
中国建设银行四川省分行2025年度校园招聘公告,2024-09-23,391
中国光大银行北京分行2025年校园招聘,2024-09-23,308
中国电子科技集团公司第十一研究所2025届校园招聘,2024-09-23,1421
中国人民人寿股份有限公司2025届校园招聘简章,2024-09-23,417
山东泰开真空开关有限公司2025招聘简章,2024-09-23,968
江铃汽车2025届全球校园招聘简章,2024-09-23,536
中国农业银行重庆市分行2025年度校园招聘公告,2024-09-23,362
烟台南山学院材料科学与工程学院副院长招聘公告,2024-09-23,279
中国银行股份有限公司2025年全球校园招聘公告,2024-09-23,1093
成都三零嘉微电子有限公司2025届校园招聘简章,2024-09-23,608
中芯国际2025届校园招聘简章,2024-09-23,984
青春启航，共绘泓图联泓新材料2025届秋季校园招聘,2024-09-23,341
工银金融资产投资有限公司2025年度秋季校园招聘公告,2024-09-23,380
“梦想靠岸”招商银行北京分行2025秋季校园招聘公告,2024-09-23,435
物产中大集团2025校园招聘正式开启,2024-09-21,1587
长飞光纤2025秋季校园招聘,2024-09-21,1200
贵州OPPO 2025届管培生校园招聘,2024-09-21,522
中国移动江西公司2025校园招聘,2024-09-20,720
扬州赛瑞航空电子2025届研发岗校园招聘正式启动！,2024-09-21,1662
“聚能成势，共建美好”  中国能源建设集团2025全球校园招聘正式启动,2024-09-22,406
挚文集团2025届校园招聘,2024-09-21,1769
才聚两江·渝见未来 | 2024重庆两江新区西安重点高校组团引才活动启动,2024-09-21,639
长江存储科技有限责任公司2025校园招聘,2024-09-23,1303
绿能慧充数字技术有限公司,2024-09-23,503
中国移动通信集团云南有限公司  2025秋季校园招聘公告,2024-09-23,247
云圣智能2025届校园招聘,2024-09-23,676
中电科风华信息装备股份有限公司,2024-09-23,850
中信重工2025年校园招聘简章,2024-09-23,514
中国石油集团渤海钻探工程有限公司,2024-09-23,274
中国石油兰州石化公司2024年秋季高校毕业生招聘公告,2024-09-23,1216
杭州中安电子股份有限公司2025届秋招,2024-09-23,916
嘉兴银行2025届校园招聘,2024-09-23,229
深圳市特发集团有限公司2025届秋季校园招聘简章,2024-09-23,595
北京建工集团2025校园招聘启事,2024-09-23,366
紫金山实验室2025届校园招聘,2024-09-20,838
以中为始，同行未来！——中国银行浙江省分行2025年校园招聘公告,2024-09-20,336
平安银行金融科技部2025届校园招聘,2024-09-20,502
山东恒信集团有限公司2025年招聘,2024-09-20,3449
2025届珠海泰芯半导体校园招聘,2024-09-20,687
台积电2025届招聘简章,2024-09-20,4420
智洋创新科技股份有限公司招聘简章,2024-09-20,850
循环不息 为Li而生 -邦普循环2025校园招聘,2024-09-20,507
崂山国家实验室,2024-09-20,3066
视界相信年轻的力量 —苏州科达2025校园招聘,2024-09-20,422
华大半导体有限公司2025届校园招聘,2024-09-20,1447
南京巨鲨显示科技有限公司,2024-09-20,383
深圳市众云网有限公司,2024-09-20,664
中元汇吉生物技术股份有限公司 2025届校园招聘,2024-09-20,587
中邮消费金融有限公司2025届校园招聘简章,2024-09-20,1160
德锐咨询2025届秋季校招简章,2024-09-20,467
“梦想靠岸”招商银行佛山分行2025校园招聘启事,2024-09-20,247
福建火炬电子科技股份有限公司,2024-09-20,582
中建三局安装工程有限公司,2024-09-20,438
周大生珠宝股份有限公司,2024-09-20,524
南京银行2025届全球校园招聘公告,2024-09-20,405
江苏电信产数业务研发部门2025届校园招聘公告,2024-09-20,688
耀·你定义│新奥集团2025届校园招聘简章,2024-09-20,494
铜陵有色金属集团股份有限公司金新铜业分公司,2024-09-20,1610
中信重工开诚智能2025校园招聘简章,2024-09-20,798
中国光大银行2025年校园招聘启事,2024-09-20,968
斯伦贝谢2025校园招聘,2024-09-20,1191
“东方领航、物流星生”东航物流2025届校园招聘简章,2024-09-20,378
江苏华创微系统2025届秋招招聘简章,2024-09-20,856
星尘智能2025校园招聘正式启动,2024-09-20,1473
同程旅行 · 2025秋季校园招聘,2024-09-20,981
广州地铁设计研究院股份有限公司,2024-09-20,319
深空探测实验室2025届校园招聘,2024-09-20,328
兴业银行长沙分行2025校园招聘公告,2024-09-20,317
天翼数字生活科技有限公司2025校园招聘,2024-09-20,729
南湖实验室“智禾+”计划暨2025校招,2024-09-20,520
先临三维2025届校园招聘正式启动！,2024-09-20,398
中国通服江苏公司2025届校园招聘,2024-09-20,1691
小米集团2024届补录招聘正式回归,2024-09-20,3427
中国工商银行深圳市分行2025年度秋季校园招聘公告,2024-09-20,290
中国邮政储蓄银行四川省分行2025年校园招聘简章,2024-09-19,438
桂林市啄木鸟医疗器械有限公司,2024-09-19,1270
四川省宜宾市2024年下半年引进人才公告,2024-09-19,420
【甘肃国企】酒泉钢铁（集团）有限责任公司校园招聘,2024-09-19,1082
中国邮政储蓄银行股份有限公司深圳分行,2024-09-19,1050
“最忆杭州 梦想靠岸”招商银行杭州分行2025秋季校园招聘公告,2024-09-19,225
泸州老窖特曲酒类销售股份有限公司2025届校园招聘简章,2024-09-19,511
满帮集团2025届校园招聘简章,2024-09-19,2589
中航国际2025届秋季校园招聘正式启动！,2024-09-19,1045
中国联通广西分公司2025秋季校园招聘招生简章,2024-09-19,1213
中国能源建设集团江苏省电力设计院有限公司2025届校园招聘简章,2024-09-19,503
中信银行2025年校园招聘公告,2024-09-19,959
特变电工2025届校园招聘,2024-09-19,1604
上海银行2025届校园招聘公告,2024-09-19,689
杭州银行2025届秋季校园招聘启事,2024-09-19,334
甘李药业2025届校园招聘信息,2024-09-19,440
中国科学院国家授时中心,2024-09-19,894
VeSync集团2025届秋招招聘简章,2024-09-19,748
宁波诺丁汉大学附属中学诚聘普高&国际课程教师,2024-09-19,394
深圳地铁运营集团有限公司2025届应届生招聘公告,2024-09-19,928
中车青岛四方机车车辆股份有限公司,2024-09-19,1129
华北电力大学2024下半年博士人才全国巡回招聘会,2024-09-19,316
广西北部湾投资集团有限公司,2024-09-19,3683
国企深圳桑达无线25届秋季校园招聘启事,2024-09-19,598
中国石油勘探开发研究院西北分院,2024-09-19,493
紫金矿业2025届“金榜生”全球校园招聘简章,2024-09-19,618
中国工商银行湖南分行2025年度秋季,2024-09-19,487
英诺赛科2025届校园招聘简章,2024-09-19,1102
汇丰软件开发（广东）有限公司,2024-09-19,1566
华数集团2025届管培生招聘简章,2024-09-19,1383
五矿期货有限公司 2025校园招聘简章,2024-09-19,241
湖北师范大学2024下半年博士人才全国巡回招聘会,2024-09-19,314
武昌理工学院2024年招聘简章,2024-09-19,427
寻找同路人，共筑安全城——国家城安院、深圳城安院岳清瑞院士团队全球揽才招聘博士后,2024-09-19,269
中国移动浙江公司诚邀  2025届校园应届毕业生加盟！,2024-09-19,480
湖南国科微电子股份有限公司,2024-09-19,917
中国邮政储蓄银行2025年度校园招聘公告,2024-09-19,2102
中国移动广东公司江门分公司招聘简章,2024-09-19,1412
四川省宜宾市2024年下半年引进人才公告,2024-09-19,614
中建八局浙江建设有限公司2025届校园招聘,2024-09-19,746
宁波方太厨具有限公司,2024-09-18,883
国家知识产权局专利局专利审查协作北京中心2025年度专利审查员公开招聘公告,2024-09-18,1198
超星集团2024年实习生招聘,2024-09-18,838
“梦想靠岸”  招商银行海口分行2025秋季校园招聘,2024-09-18,175
中国人民解放军63650部队2024年文职人员秋季校招（西安电子科技大学专场）,2024-09-18,4029
平高集团、平高电气 2025年高校毕业生招聘公告,2024-09-18,724
惠泽生命，泰合健康——惠泰医疗2025届校园招聘正式启动,2024-09-18,984
鄂尔多斯市第一中学2025年教师招聘,2024-09-18,440
中国电信股份有限公司河南分公司2025届校招,2024-09-18,1319
深圳市明源云科技有限公司2025届招聘简章,2024-09-18,517
中国邮政储蓄银行甘肃省分行  2025年度校园招聘公告,2024-09-18,1333
东北农业大学2024年全职博士后招收公告,2024-09-19,201
南京841研究所2025年校园招聘简章,2024-09-19,883
中国兵器工业计算机应用技术研究所,2024-09-19,1755
卡斯柯信号有限公司2025年校园招聘简章,2024-09-18,1513
BMC怡和嘉业2025届校园招聘,2024-09-18,482
内蒙古大学2024下半年博士人才全国巡回招聘会,2024-09-19,617
海博思创2025校园招聘,2024-09-19,742
北方集成电路技术创新中心（北京）有限公司2025届校园招聘火热进行中,2024-09-18,930
中国银行四川省分行2025年校园招聘公告,2024-09-19,562
中国航空工业集团-贵阳航空电机有限公司招聘公告,2024-09-18,455
中国邮政储蓄银行股份有限公司湖南省分行,2024-09-18,383
中移动金融科技有限公司,2024-09-18,3307
中国移动福建公司2025秋季校园,2024-09-18,346
鞍钢集团工程技术有限公司,2024-09-18,1200
平安银行金融科技部2025届校园招聘,2024-09-18,532
中建四局华南建设有限公司2025届校园招聘,2024-09-18,385
中国移动湖南公司2025校园秋季招聘火热进行中,2024-09-18,295
润华汽车控股有限公司2025校园招聘,2024-09-18,332
中国移动广西公司2025届秋季校园招聘,2024-09-18,272
西安和利时交通智能化业务2025届校园招聘,2024-09-18,736
和利时集团交通智能化业务2025届校园招聘,2024-09-18,660
乾元国家实验室2025校园招聘公告,2024-09-18,7562
中国工商银行宁波市分行2025年度秋季校园招聘公告,2024-09-18,296
北京小川在线网络技术有限公司,2024-09-18,327
江苏灿勤科技股份有限公司2025年校园招聘正式启动,2024-09-18,1469
平安点创国际融资租赁有限公司,2024-09-18,386
中国外运华中有限公司 OSH“雁翔·新质2025”项目暨2025年秋季校园招聘公告,2024-09-18,479
“梦想靠岸”招商银行苏州分行2025校园招聘公告,2024-09-18,257
道通科技2025届校园招聘 | 梦想道不凡 匠心通未来,2024-09-18,1326
“梦想靠岸”招商银行南京分行2025秋季校园招聘公告,2024-09-14,255
关于举办“天下泉城聚天下英才” 中国·济南第二届高层次人才招引大会的公告,2024-09-14,449
中国电信广东公司2025校园招聘公告,2024-09-14,851
中国农业银行深圳市分行2025年度校园招聘公告,2024-09-14,577
建信融通2025届校园招聘,2024-09-14,1237
匠芯创科技2025届校园招聘正式启动！,2024-09-14,448
中国邮政储蓄银行江苏省分行  2025年度校园招聘公告,2024-09-14,885
南京巨鲨显示科技有限公司2025招聘简章,2024-09-15,360
中国华能集团有限公司2025年校园招聘公告,2024-09-16,1944
中国建设银行建行研修中心东北研修院2025年度校园招聘,2024-09-16,532
【央企】哈尔滨锅炉厂有限责任公司2025秋季校园招聘,2024-09-16,710
卡奥斯2025校园招聘正式启动!,2024-09-14,566
伊利集团液态奶事业部2025年校园招聘销售培训生招聘公告,2024-09-16,380
河南逸祥卫生科技有限公司,2024-09-18,269
中国建设银行广东省分行2025年度校园招聘公告,2024-09-18,258
哈尔滨理工大学2024年博士引进招聘,2024-09-18,241
伊利集团婴幼儿奶粉事业部2025年校园招聘,2024-09-18,994
中建八局新型建造工程有限公司2025届“新砼人”校园招聘,2024-09-18,965
北京通用人工智能研究院2025全球校园招聘,2024-09-18,1036
中国电子科技集团公司第九研究所2025届校园招聘,2024-09-16,1003
中国移动在线营销服务中心  2025校园招聘暨“金种子计划”招聘简章,2024-09-14,942
中国工商银行广东省分行2025年度秋季校园招聘公告,2024-09-14,296
2024年秋季全国博士、硕士研究生专场 暨新质生产力企业专场巡回双选会 西安电子科技大学站,2024-09-14,549
中国电子科技集团有限公司电子科学研究院招生简章,2024-09-14,5011
中国农业银行股份有限公司河南省分行2025年度校园招聘公告,2024-09-14,333
应用材料公司|2025年秋季校园招聘简章,2024-09-14,616
太原重型机械集团有限公司  2025年西安电子科技大学校园招聘公告,2024-09-14,1326
中国南山2025届秋季校园招聘,2024-09-14,1708
中国移动通信集团江苏有限公司,2024-09-14,523
中国通服四川公司2025届秋季校园招聘公告,2024-09-14,415
中国工商银行股份有限公司广西壮族自治区分行,2024-09-14,337
“梦想靠岸”招商银行哈尔滨分行2025校园招聘公告,2024-09-14,239
中国航天电子技术研究院,2024-09-14,1790
贵州航天计量测试技术研究所招聘简章,2024-09-14,518
广东高驰运动科技有限公司-2024秋招,2024-09-14,942
海南比勒费尔德应用技术大学（BiUH）招聘讲师,2024-09-14,509
中国移动辽宁公司2025校园招聘,2024-09-14,391
港华燃气内地公用业务2025届秋季校园招聘（理工类不限专业）,2024-09-14,462
西部超导材料科技股份有限公司2025届硕博招聘简章,2024-09-14,2543
青春自“信”，共赴山海 信也科技2025届校园招聘绚烂开启,2024-09-14,593
中国东方电气集团有限公司,2024-09-13,2201
中国建设银行股份有限公司苏州分行,2024-09-13,422
中国银行股份有限公司深圳市分行2025年校园招聘公告,2024-09-13,311
南京巨鲨显示科技有限公司,2024-09-13,405
中国农业银行股份有限公司上海市分行,2024-09-13,469
国家汽车质量检验检测中心（襄阳） 2025届校园招聘简章,2024-09-13,730
中国人民解放军第五七一五工厂2025秋季招聘简章,2024-09-13,4828
2024年秋季全国博士、硕士研究生专场 暨新质生产力企业专场巡回双选会 西安电子科技大学站邀请函,2024-09-14,3023
陕西省高校2025届毕业研究生 联盟双选会邀请函,2024-09-14,5727
中国科学院苏州生物医学工程技术研究所2024年特别研究助理(博士后)招聘公告,2024-09-13,258
中车株洲电力机车有限公司2025届秋季校园招聘,2024-09-14,625
平安产险总部科技中心2025届校园招聘简章,2024-09-14,304
中国石油集团西部钻探工程有限公司 2024年秋季高校毕业生招聘公告,2024-09-13,835
中国移动北京公司2025年秋季校园招聘,2024-09-14,1555
湖北省电力规划设计研究院有限公司 2025届校园招聘简章,2024-09-14,419
中国银行股份有限公司陕西省分行  2025年校园招聘公告,2024-09-14,1034
2025卡奥斯未来合伙人全面启动，工业互联网由你定义！,2024-09-14,456
皖江工学院招聘简章（安徽马鞍山，原河海大学文天学院）,2024-09-14,384
山东泰开环保科技有限公司,2024-09-14,529
【央企全资子公司】公诚管理咨询有限公司,2024-09-14,392
中国移动通信集团设计院有限公司  2025秋季校园招聘,2024-09-13,655
深圳麦科田医疗2025届校园招聘简章,2024-09-13,467
上海嘉银金融科技股份有限公司,2024-09-13,397
国轩高科25届校园招聘,2024-09-13,637
逐梦芯海·智创未来 北极雄芯2025届校园招聘简章,2024-09-13,589
中国石油大庆油田有限责任公司 2024年秋季高校毕业生招聘公告,2024-09-13,2571
广州地铁集团有限公司,2024-09-13,962
中国工商银行温州分行2025年度秋季校园招聘公告,2024-09-13,227
中国农业银行股份有限公司宁波市分行2025年度校园招聘公告,2024-09-13,152
大族激光集团2025校园招聘,2024-09-13,1471
中国农业发展银行2025年度校园招聘公告,2024-09-13,771
科捷智能科技股份有限公司-寻找“未来之星” 2025届校园招聘简章,2024-09-13,501
平安银行股份有限公司上海分行,2024-09-13,506
青岛智腾微电子有限公司2025届秋招,2024-09-13,1283
士兰微电子有限公司-厦门制造中心 2025届校园招聘简章,2024-09-13,1738
中共鞍山市委组织部人才服务中心,2024-09-13,1159
“梦想靠岸”招商银行福州分行2025届秋季校园招聘公告,2024-09-13,226
河南绿都物业服务有限公司,2024-09-13,542
深圳奥维领芯科技有限公司,2024-09-13,1811
东方电子股份有限公司（烟台）2025校园招聘,2024-09-13,856
“少年  看你的”成都屿西半导体科技有限公司2025年校园招聘,2024-09-12,803
湖南省融资担保集团2025届校园招聘简章,2024-09-12,338
【卓镭激光】2025届校园招聘,2024-09-12,553
中国移动通信集团广东有限公司深圳分公司2025秋季校园招聘,2024-09-12,752
中国电子科技集团公司第二十七研究所2025年校园招聘简章,2024-09-12,1764
慧眼识才，翰动未来—慧翰股份2023届校园招聘简章—,2024-09-12,587
水滴公司2025年秋季校园招聘,2024-09-12,458
新疆油田公司2024年秋季高校毕业生招聘公告,2024-09-12,1412
途游游戏2025届校园招聘,2024-09-12,1506
富特科技2025校园招聘 ——源于热爱，E往无前,2024-09-12,707
杭州老板电器股份有限公司,2024-09-12,1495
杰瑞股份2025届校园招聘简章,2024-09-13,954
中建八局上海中建海外发展有限公司,2024-09-13,1392
中国移动通信集团浙江有限公司宁波分公司,2024-09-12,537
莆田新明宝化学工业有限公司2024届“扬帆计划”校园招聘,2024-09-13,273
国家智能设计与数控技术创新中心博士校园招聘,2024-09-12,275
事业编制！大连海事大学2024年秋季专任教师招聘公告,2024-09-13,388
“数字星 星未来” 中建三局数字工程有限公司2025校园招聘,2024-09-13,359
“未来银行家”中国民生银行广州分行2025届校园招聘,2024-09-13,239
艾索信息股份有限公司2025届校园招聘,2024-09-13,999
中国银行河南省分行2025年校园招聘公告,2024-09-12,649
上海航天电子有限公司2025年校园招聘,2024-09-12,547
“梦想靠岸”招商银行昆明分行2025校园招聘公告,2024-09-12,266
中国广核集团2025校园招聘公告,2024-09-12,801
不忘初心 星领未来丨成都华芯天微科技有限公司2025校园招聘,2024-09-12,597
东莞立讯技术有限公司,2024-09-12,507
“智慧医疗，未来之星” 华声医疗2025届校园招聘简章,2024-09-12,628
中国银行江苏省分行2025年校园招聘公告,2024-09-12,333
浙江零跑科技股份有限公司,2024-09-12,1714
江西应用科技学院高层次人才招聘公告,2024-09-12,249
招联2025届校园招聘简章,2024-09-12,1762
三环知识产权2025届秋季校园招聘,2024-09-12,491
【卓镭激光】2025届校园招聘,2024-09-12,285
中国石油集团渤海钻探工程有限公司,2024-09-12,217
中国农业银行数据中心2025年度校园招聘公告,2024-09-12,675
松山湖材料实验室2025届校园招聘，即日启动！,2024-09-12,404
中国东风汽车工业进出口有限公司  2025年校园招聘公告,2024-09-12,339
中国建设银行深圳市分行2025年度校园招聘公告,2024-09-12,253
中国工商银行陕西省分行2025年度校园招聘公告,2024-09-12,720
湖南银行2025届全球校园招聘启事,2024-09-12,195
中国电气装备许继集团、许继电气 2025年秋季校园招聘公告,2024-09-12,803
广安理工学院筹建处,2024-09-12,2137
【西安站】高校人才网2024下半年博士人才全国巡回招聘会邀请函,2024-09-12,1033
广东瑞德智能科技股份有限公司,2024-09-12,940
“梦想靠岸” 招商银行海口分行2025秋季校园招聘,2024-09-12,174
河南开放大学（郑州信息科技职业学院）2024年公开引进高层次人才工作方案,2024-09-12,353
宁波工程学院2024年高层次人才（教师）招聘,2024-09-12,376
仁宝电脑集团 2025 届校园招聘,2024-09-12,537
杭州沃瑞电力科技有限公司2025校园招聘简章,2024-09-12,419
以热爱 创未来 | 西山居2025秋季校园招聘简章,2024-09-12,487
阿维塔科技（重庆）有限公司,2024-09-12,512
南京巨鲨显示科技有限公司2025届校园招聘,2024-09-11,370
蓄能未来 一键启程——安拿吉科技2025届秋季校园招聘正式启动,2024-09-11,472
深圳市奥拓电子股份有限公司2025校园招聘,2024-09-11,580
以创新改变世界——奕斯伟计算2025届校园招聘,2024-09-12,529
中航工业南京机电科技有限公司（609民机） 2025招聘公告,2024-09-11,1349
BOSS 直聘 2025 届校园招聘简章,2024-09-12,3055
致欧家居科技股份有限公司,2024-09-12,261
“一见钟庆，铃动启航” 庆铃集团2025校园招聘,2024-09-12,457
珠海剑心互动娱乐有限公司,2024-09-12,557
中国移动通信集团浙江有限公司金华分公司,2024-09-11,446
中国工商银行甘肃分行2025年度校园招聘公告,2024-09-11,318
中国电子科技集团公司第二十三研究所  2025秋季校招启动推文,2024-09-11,766
【中控技术股份有限公司2025届校园招聘】,2024-09-11,953
兆易创新2025校园招聘,2024-09-11,684
中国工商银行数据中心2025年度秋季校园招聘,2024-09-11,948
招银云创信息技术有限公司,2024-09-11,1038
捷昌驱动2025校园招聘正式启动,2024-09-11,455
吉林银行股份有限公司,2024-09-11,1878
【南校区宣讲】西安奇点能源2025届校园招聘,2024-09-11,450
恒烁股份2025届秋季校园招聘,2024-09-11,394
湘电集团有限公司2025届招聘公告,2024-09-11,345
中国工商银行天津市分行2025年度  校园招聘,2024-09-11,434
中国工商银行苏州分行2025年度秋季校园招聘公告,2024-09-11,291
深圳光峰科技股份有限公司,2024-09-11,587
“梦想靠岸”招商银行宁波分行2025年校园招聘,2024-09-11,265
2025卡奥斯未来合伙人全面启动，工业互联网由你定义！,2024-09-11,638
超越视界 探索无限——海雀科技2025届秋季校园招聘正式启动,2024-09-11,813
中国银行新疆区分行2025年校园招聘,2024-09-11,362
东风汽车有限公司东风日产乘用车公司,2024-09-11,839
中物院高性能数值模拟软件中心2025届校招,2024-09-11,430
成都数字天空科技有限公司2025届校园招聘,2024-09-11,596
永辉超市股份有限公司,2024-09-11,272
鹏城国家实验室2024年招聘简章,2024-09-11,2031
井冈山大学2024年人才招聘,2024-09-11,269
硕博招聘在线第十届全国博士人才专场双选会,2024-09-11,920
国光电器股份有限公司2025届“光芒计划”校园招聘,2024-09-11,578
中建-大成建筑有限责任公司2025“领航计划”秋季全球校园招聘计划,2024-09-11,230
扬州工业职业技术学院2024年高层次人才招聘公告,2024-09-11,473
力合微电子2025届校园招聘简章,2024-09-11,1229
中国科学院深圳先进技术研究院2025届秋季校园招聘简章,2024-09-11,1566
西安夏溪电子科技有限公司,2024-09-11,1019
北京经纬恒润科技股份有限公司2025年校园招聘简章,2024-09-11,1956
中国建设银行股份有限公司陕西省分行2025年度校园招聘,2024-09-11,358
“世界百强+上市国企”建发股份2025届秋招简章,2024-09-11,418
中国工商银行股份有限公司厦门市分行,2024-09-11,281
中国移动通信集团浙江有限公司衢州分公司,2024-09-11,455
烟台南山学院国际交流合作处处长招聘公告,2024-09-11,202
中国移动通信集团浙江有限公司舟山分公司,2024-09-11,361
博华科技2025届校园招聘简章,2024-09-11,1672
徐州致能半导体有限公司,2024-09-11,2166
中国电科十四所2025届校园招聘简章,2024-09-11,1466
武汉达梦数据库有限公司2025届校园招聘,2024-09-11,479
中国工商银行重庆市分行2025年度秋季校园招聘公告,2024-09-11,229
“聚临港 筑未来”临港新片区2024年秋季校园招聘,2024-09-11,248
广州菲利斯太阳能科技有限公司,2024-09-11,1639
创维光伏-2025届秋季校园招聘简章,2024-09-11,538
西安电子科技大学杭州研究院2025届校园招聘正式启动,2024-09-11,3266
“梦想靠岸”招商银行大连分行2025校园招聘,2024-09-11,192
WE爱星未来--星光璀璨映梦想，恒心筑梦向未来,2024-09-11,690
中国邮政储蓄银行陕西省分行2025校园招聘,2024-09-11,1868
“梦想靠岸”招商银行兰州分行2025秋季校园招聘公告,2024-09-10,264
广州三环专利商标代理有限公司,2024-09-10,361
中国东方电气集团有限公司2025届校园招聘简章,2024-09-10,2182
中国移动安徽公司2025校园招聘,2024-09-10,517
中国电子科技集团公司第三十九研究所2025届校园招聘,2024-09-10,2524
一“鹭”同行，逐梦未来！厦门航空2025届校园招聘简章,2024-09-10,1186
中国工商银行黑龙江省分行2025年度校园招聘公告,2024-09-10,197
青春耀向“上”—上饶银行2024年秋季招聘,2024-09-10,270
海能达通信2025届校园招聘,2024-09-10,3063
中关村空间信息产业技术联盟（超图软件、国源科技、航天宏图、数字政通、中科星图）2025届联合校园招聘,2024-09-10,320
众合科技2025届秋季校园招聘,2024-09-10,401
筑梦电科网安，护航数字中国 ——电科网安2025届秋季校园招聘简章,2024-09-10,792
中国航发湖南南方宇航工业有限公司  2025年秋季校园招聘,2024-09-10,638
中国建设银行境内分支机构2025年度校园招聘公告,2024-09-10,693
三棵树2025届“森计划”校园招聘,2024-09-10,337
极智嘉2025届校园招聘,2024-09-10,1003
中国工商银行业务研发中心2025年度  校园招聘公告,2024-09-10,655
ABB 2025届校园招聘正式启动！,2024-09-10,780
泸州职业技术学院,2024-09-10,654
2024年莆田学院公开招聘博士高层次人才方案,2024-09-10,281
得物App-2025届校园招聘简章,2024-09-10,1124
中国工商银行广州分行2025年度秋季校园招聘公告,2024-09-10,275
中船动力（集团）有限公司2025届校园招聘简章,2024-09-10,788
北京华峰测控技术股份有限公司2025届校园招聘,2024-09-10,597
中国建设银行厦门市分行2025年度校园招聘公告,2024-09-10,265
苏银金融租赁股份有限公司2025届校园招聘公告,2024-09-10,358
海康微影25届校招面向全球启动,2024-09-10,645
“贝集英才，创芯未来”     上海贝岭2025届校园招聘正式开启,2024-09-10,745
东莞市长工微电子有限公司,2024-09-10,511
创芯视界，职引未来—南京国兆光电科技有限公司校园招聘简章,2024-09-10,701
中国移动通信集团河北有限公司,2024-09-10,1494
中车株洲电力机车研究所有限公司 2025届秋季校园招聘公告,2024-09-10,2126
中国机械科学研究总院集团有限公司,2024-09-10,1808
西安鸿业通信有限公司,2024-09-10,835
湖南华菱涟源钢铁有限公司2025年校园招聘,2024-09-10,1857
中国通信建设第五工程局有限公司西安分公司,2024-09-10,588
中国电子云2025校园招聘正式启动,2024-09-10,946
三只松鼠2025届秋季校园招聘,2024-09-10,811
天津仁爱学院2024年教师招聘计划,2024-09-10,493
西安中胜治策科技有限公司,2024-09-10,539
曼迪匹艾（北京）科技服务有限公司,2024-09-10,703
航空工业通飞华南2025届校园招聘,2024-09-10,1836
2025届新毅东校园招聘,2024-09-10,1320
中建七局土木工程公司2025届校园招聘,2024-09-09,381
生为改变 数智涌现 联影集团2025校园招聘正式启动！,2024-09-09,643
信飞科技2025《精鹰计划》管培生招聘,2024-09-09,1101
光联万物，e起加速—成都新易盛通信2025届校园招聘正式批,2024-09-10,540
2025方田教育秋季招聘,2024-09-09,398
桂林理工大学2024年招聘公告,2024-09-09,548
工商银行大连分行2025年度秋季校园招聘正式启动,2024-09-09,163
中国农业银行股份有限公司陕西省分行2025年度校园招聘公告,2024-09-09,552
炬芯科技2025届校招启动,2024-09-09,908
中国东方航空2025全球校园招聘,2024-09-09,1584
中国电子科技集团公司第十研究所2025届秋季招聘简章,2024-09-09,2103
海天味业2025届全球校园招聘简章,2024-09-09,544
中国农业银行股份有限公司广西壮族自治区分行,2024-09-09,406
中国农业银行四川省分行2025年度校园招聘公告,2024-09-09,275
河南四方达超硬材料股份有限公司,2024-09-09,976
深圳市永联科技股份有限公司2025届校园招聘,2024-09-09,739
北华航天工业学院2024年选聘工作人员公告,2024-09-09,673
中移物联网有限公司2025届秋季校园招聘,2024-09-09,447
广州虎牙科技有限公司,2024-09-09,326
中船重工海声科技有限公司2024届校园招聘简章,2024-09-09,712
国防科技大学专场宣讲会 ——西安电子科技大学站,2024-09-09,444
中国农业银行大连市分行2025届秋季校园招聘,2024-09-09,416
中建科创集团2025届“科创星”校园招聘公告,2024-09-09,443
中国电科29所四威高科2025校园招聘,2024-09-09,1745
中国移动信息技术中心2025届校园招聘,2024-09-09,2897
重庆长安汽车股份有限公司2025年秋季全球招聘,2024-09-09,602
星火燎原 一往无前| 湖南三湘银行2025校园招聘启动,2024-09-09,315
中国长安汽车集团2025年校园招聘公告,2024-09-09,4395
中车青岛四方车辆研究所有限公司、中车制动系统有限公司2025 秋季校园招聘公告,2024-09-09,392
北方集成电路技术创新中心（北京）有限公司2025届校园招聘火热进行中,2024-09-09,418
中国建设银行福建省分行2025年度校园招聘公告,2024-09-09,208
专利审查协作中心  2025年专利审查员招聘,2024-09-09,879
海博思创2025校园招聘,2024-09-09,798
中国移动广东公司启动2025年秋季校园招聘公告,2024-09-09,485
北京七一八友晟电子有限公司招聘简章,2024-09-09,523
安谋科技arm CHINA 2025校园招聘 | 成就核芯 由你领航,2024-09-09,590
中国电信股份有限公司浙江分公司2025届校园招聘公告,2024-09-09,594
中国工商银行北京市分行2025年度校园招聘公告,2024-09-09,470
沈阳航盛2025年度招聘公告,2024-09-09,318
郑煤机集团2025届校园招聘简章,2024-09-09,784
浙江省智能船舶研究院2025届校招启动,2024-09-09,407
“新兴向蓉”成都高新区天府人才行动暨天府软件园2024年秋季招聘校园行,2024-09-09,455
达有作为，发现芯世界——达发科技2025届校园招聘,2024-09-09,484
广东省分行2025年度校园招   聘公告,2024-09-09,247
聚焦梦想，扬帆起航——精测电子2025校园招聘正式启动,2024-09-09,419
天奥电子2025届校园招聘,2024-09-09,1098
中建电商2025届校园招聘,2024-09-09,525
物元半导体技术（青岛）有限公司,2024-09-09,919
招商银行温州分行2025校园招聘,2024-09-09,284
芜湖伯特利汽车安全系统股份有限公司——2025年度校园招聘简章,2024-09-09,321
广东博达科技有限公司2025届校园招聘,2024-09-09,422
航空报国，逐梦蓝天 ——中国航空工业集团津电 2025届毕业生招聘,2024-09-09,536
公牛集团2025校园招聘 —— 一起走远路，一起看世界,2024-09-09,1028
安徽容知日新2025届秋季校园招聘,2024-09-09,305
拓维电子科技（上海）有限公司2025 招聘简章,2024-09-09,1517
武汉生物工程学院2024年博士等教师招聘简章,2024-09-09,531
中海达集团2025届校园招聘简章,2024-09-09,612
湖北新华光信息材料有限公司,2024-09-09,414
深圳拓邦股份有限公司2025届校园招聘,2024-09-09,2905
东风柳州汽车有限公司2025届校园招聘简章,2024-09-09,510
中国邮政储蓄银行股份有限公司江西省分行,2024-09-09,489
国家石油天然气管网集团有限公司甘肃分公司,2024-09-09,2680
上光通信技术（上海）有限公司 2025年校园招聘简章,2024-09-09,2506
京东方科技集团股份有限公司,2024-09-09,12235
梦想与挑战，同行Honda路  每一程，都是对未知的征服！  本田技研2025届校园招聘,2024-09-09,254
东方财富2025届校园招聘,2024-09-09,6979
四川电力设计咨询有限责任公司,2024-09-06,358
江苏希西维轴承有限公司2025届校园招聘,2024-09-06,686
瓴岳科技集团2025届校园招聘,2024-09-07,1183
中建港航局集团有限公司2025校招,2024-09-07,773
山西阳光焦化集团股份有限公司2025届秋季校园招聘,2024-09-06,501
“招商银行梦想靠岸”南昌分行2025届 秋季校园招聘,2024-09-06,289
引领能源革新，创造绿色未来 | 深圳鹏城新能科技有限公司2025届秋季校园招聘简章,2024-09-07,966
中移互联网2025秋季校园招聘简章,2024-09-07,1095
中国建设银行湖南省分行2025年度校园招聘公告,2024-09-07,634
联通数科2025秋季校园招聘公告,2024-09-08,2716
9月27日下半年首场大型线上招聘会隆重登场——面试名额预定中！,2024-09-08,652
2024年“博聚齐鲁 智惠未来”齐鲁博士（后）菁英人才招聘活动（西安站）公告,2024-09-07,441
阿里云智能集团-瓴羊秋季2025届校园招聘正式开启,2024-09-08,491
中国电子科技集团公司第四十一研究所 2025年校园招聘,2024-09-08,1988
航天科工二院七〇六所（航天科工集团密码中心）2025年校园招聘宣讲,2024-09-09,2519
光大环境科技（中国）有限公司2024年秋季校园招聘信息,2024-09-06,2591
@全球英才，中国科学院青岛生物能源与过程研究所第六届清源学者论坛诚邀参会！,2024-09-08,359
深圳澳威集团(OPPO销售代理商）2025届校园招聘,2024-09-09,722
中国电子科技集团公司第七研究所2025届校园招聘,2024-09-09,1384
青岛杰瑞工控技术有限公司(国企)25届校园招聘开启,2024-09-09,344
给梦想一颗澎湃的芯，芯动科技2025届校园招聘正式批火热开启,2024-09-06,584
中国能源建设集团广东省电力设计研究院有限公司,2024-09-06,509
中冶赛迪信息技术（重庆）有限公司,2024-09-06,1411
极海微电子2025届校园招聘,2024-09-06,707
南方科技大学电子与电气工程系2024年博士暨中高级人才RPO线上面试会,2024-09-06,418
中国移动湖南公司2025校园秋季招聘正在进行中,2024-09-06,464
中国移动通信集团四川有限公司,2024-09-06,1598
格科半导体（上海）有限公司2025届校园招聘简章,2024-09-06,1075
中建三局安装工程有限公司,2024-09-06,334
江苏博睿光电股份有限公司2025届校园招聘,2024-09-06,751
贵州磷化（集团）有限责任公司,2024-09-06,4790
黑芝麻智能2025届校园招聘,2024-09-06,629
西安导航技术研究所（中国电子科技集团公司第二十研究所）,2024-09-06,2948
拼多多集团-PDD | 2025届校招,2024-09-06,5147
海亮教育科技服务集团有限公司,2024-09-06,342
电子科技大学（深圳）高等研究院2024年RPO线上面试会,2024-09-06,358
德赛西威2025届校园招聘简章,2024-09-06,1616
“梦想靠岸”招商银行沈阳分行2025校园招聘公告,2024-09-06,315
福建新大陆支付技术有限公司 2025届全球校园招聘简章,2024-09-06,309
杭州迪普科技股份有限公司,2024-09-06,1371
“康彩未来，晋属于你”康晋电气2025届校招简章,2024-09-05,389
中国航天科工集团第十总体设计部 2025届校园招聘简章,2024-09-05,902
慧策集团-2025校园招聘,2024-09-05,1547
厦门松霖科技2025届校园招聘简章,2024-09-05,507
“智耕沃土，收获未来”  潍柴雷沃2025年全球校园招聘,2024-09-05,450
引领全咨赛道，迪造城市未来 中冶赛迪工程咨询2025届校园招聘,2024-09-05,507
物联新生 智拓未来 | 中国电科第五十二研究所2025校园招聘,2024-09-05,702
上海集度汽车有限公司2025届秋季校园招聘,2024-09-05,607
重庆移通学院2024年公开招聘工作人员简章,2024-09-05,1003
中国电子科技集团公司第三十四研究所2025届招聘公告,2024-09-05,1029
吉林联通2025秋季校园招聘,2024-09-05,615
佳都科技集团2025届校园招聘简章,2024-09-05,1036
【卓镭激光】2025届校园招聘,2024-09-06,434
“梦想靠岸” 招商银行海口分行2025秋季校园招聘,2024-09-05,182
“嘉骋万里，环聚未来”嘉环科技2025届管培生招聘,2024-09-06,470
敢想 IT'S MY IDEA丨2025届美的校园招聘,2024-09-05,406
中国航天科工二院二十三所2025届校园招聘,2024-09-05,2629
势通机器人科技（集团）有限公司 2024-2025校园招聘,2024-09-05,751
南方电网数字电网集团有限公司,2024-09-06,5101
天翼物联科技有限公司,2024-09-06,596
海信集团2025届校园招聘,2024-09-05,1339
天水七四九电子有限公司 2025年校园招聘简章,2024-09-05,516
施耐德电气2025秋季校园招聘正式启动！,2024-09-05,1652
西安奇点能源2025届校园招聘技术专场宣讲会-9.19南校区A-105,2024-09-05,658
青岛思睿教育2025届秋季校园招聘,2024-09-05,519
中国船舶集团有限公司第七二五研究所青岛分部 2025年校园招聘,2024-09-05,2357
航天行云科技有限公司,2024-09-05,912
重庆数字赛道研究院,2024-09-05,710
桃李未来1对1--2025届秋季校园招聘,2024-09-05,808
中国电信安徽公司校园招聘简章,2024-09-05,585
中国电信北京公司 2025届校园招聘&“优才计划”全面启动,2024-09-05,1001
中国对外贸易广州物业发展有限公司2024年度人才招聘,2024-09-05,439
超聚变数字技术有限公司2025届校园招聘,2024-09-05,1765
浙江华睿科技股份有限公司2025届校园招聘,2024-09-05,1037
东莞市步步高实验学校&幼儿园2025秋招进行中！,2024-09-05,246
“梦想靠岸”招商银行贵阳分行2025秋季校园招聘公告,2024-09-05,242
中国银行广东省分行2025年校园招聘正式启动！,2024-09-05,401
滴滴2025届秋季校园招聘【西安】城市宣讲会来啦！,2024-09-05,814
万向有为 循光向上 |万向集团2025届校园招聘火热开启,2024-09-05,479
“研创家 营未来”中国移动杭州研发中心（智慧家庭运营中心） 2025届秋季校园招聘,2024-09-05,912
中国铁道科学研究院集团有限公司通信信号研究所招聘2025年应届毕业生,2024-09-04,1189
芯存希望，筑梦海存--2025青岛海存微电子有限公司校园招聘,2024-09-04,351
中国电建集团西北勘测设计研究院有限公司2025届校园招聘公告,2024-09-04,1715
中国移动通信集团湖北有限公司招聘公告,2024-09-04,1124
珠海格力电器2025届秋季校园招聘【空宣9月9日19:00重磅来袭】,2024-09-04,585
特变电工股份有限公司新疆线缆厂2025届校园招聘全面启动,2024-09-04,700
常州博瑞电力自动化设备有限公司,2024-09-04,1245
“梦想靠岸”招商银行青岛分行2025校园招聘公告,2024-09-04,286
2024年秋季全国博士、硕士研究生专场 暨新质生产力企业专场巡回双选会 西安电子科技大学站邀请函,2024-09-04,1169
【OFweek人才网】深圳国家高技术产业创新中心（深圳发展改革研究院）,2024-09-04,820
铜陵化学工业集团有限公司2025年校园招聘,2024-09-05,1022
军工央企||贵州航天电子科技有限公司2025届校园招聘,2024-09-04,2498
雅砻江流域水电开发有限公司2025届校园招聘公告,2024-09-04,771
芯动科技2025届校园招聘正式批火热开启,2024-09-05,778
广立微 2025“明日之芯”校园招聘 正式启动！,2024-09-04,714
好老师 在晓禾-晓禾教育2025校园招聘,2024-09-05,270
中电信量子信息科技集团有限公司2024秋季招聘,2024-09-05,1547
年少有位，前图无量 | 重庆位图2025校园招聘赴梦而来！,2024-09-05,566
北汽集团2025届全球校园招聘,2024-09-05,657
【第五场】高校人才网2024博士暨中高级人才RPO线上面试会邀请函,2024-09-05,390
实力央企—中国电气装备山东电工电气集团2025校园招聘正式启动！ （宣讲会时间：9月12日10:00-12:00，地点：南校区C-507）,2024-09-04,1258
“奕”起向未来——成都奕成集成电路有限公司2025届校园招聘,2024-09-04,677
特变电工西安电气科技有限公司2025届校园招聘,2024-09-04,1725
珠海金山办公软件有限公司,2024-09-04,996
长沙理工大学2024年人才招聘公告,2024-09-04,1298
英”雄志远，“特”立笃行 英特仿真2025年校园招聘,2024-09-04,418
神州信息25届校招启动啦！！！Base全国,2024-09-04,840
西安中科微精光子科技股份有限公司25届校招,2024-09-04,1023
“京心铸梦 诚就未来”  中冶京诚2025年校园招聘正式启动,2024-09-04,440
华润啤酒2025届秋季校园招聘,2024-09-04,686
广东芯粤能半导体有限公司2025届校招简章,2024-09-04,2317
2024年秋季全国博士、硕士研究生专场  暨新质生产力企业专场巡回双选会  西安电子科技大学站,2024-09-04,364
中电科航空电子有限公司2025届校园招聘正式启动,2024-09-04,949
格思航天2025校园招聘，快来锁定心动offer,2024-09-04,2106
航天新气象科技有限公司  招聘简章,2024-09-04,653
河南应用技术职业学院 2024年公开招聘工作人员（博士）实施方案,2024-09-04,305
中联重科2025届校园招聘简章,2024-09-04,819
央企大厂！山东电力设备有限公司2025届校园招聘全面启动,2024-09-04,1846
长电科技2025届秋季校园招聘！,2024-09-04,1817
中国船舶集团连云港杰瑞电子有限公司 2025年招聘简章,2024-09-04,613
豪迈2025空中宣讲会9月4日重磅来袭！,2024-09-03,426
众星微2025届校园招聘简章,2024-09-03,2780
华信咨询设计研究院有限公司2025届秋季校园招聘简章,2024-09-03,623
烟台东方威思顿电气有限公司2025届校园招聘简章,2024-09-03,458
九号公司025秋季校园招聘,2024-09-03,451
联咏科技2025届校园招聘宣讲+笔试（软开/算法,2024-09-03,399
“才涌德业·科创未来” 德业股份2025届大学生招聘简章秋季校招正式启动！,2024-09-03,592
【9月10日 9:00-12:00 北校区体育馆】广州德擎光学科技有限公司线下双选会等你到来！！！,2024-09-03,342
西安中科创达软件有限公司2025届校园招聘,2024-09-03,644
微步在线2024秋季校园招聘,2024-09-04,526
国航机务系统（Ameco）2025年校园招聘简章,2024-09-03,2668
山东泰开变压器有限公司,2024-09-04,901
太初元碁2025届校园招聘,2024-09-03,793
芯生代 造不同|冠宇集团2025届校园招聘重磅开启！,2024-09-04,913
南京科瑞达电子装备有限责任公司2025届校园招聘,2024-09-04,2507
神通半导体科技（南通）有限公司校园招聘,2024-09-04,675
南京熊猫汉达科技有限公司（国营第七一四厂）2025届秋招公告,2024-09-04,2229
理想汽车2025校园招聘正式启动,2024-09-04,979
葡萄城2025届校园招聘正式批--GC Young计划,2024-09-04,380
小米集团2025届秋季新零售校园招聘,2024-09-04,635
浩鲸云计算科技股份有限公司2025届校园招聘,2024-09-03,989
中国电建集团2025届秋季校园招聘简章,2024-09-03,5675
吉利控股集团2025届全球校园招聘正式批,2024-09-03,951
北京滨松2025校园招聘,2024-09-03,569
中科曙光2025届校园招聘简章,2024-09-03,1334
招商银行股份有限公司银川分行2025校园招聘,2024-09-03,292
【OFweek人才网】康冠科技2025届秋季校园招聘,2024-09-03,506
中国邮政储蓄银行浙江省分行 2025年度校园招聘公告,2024-09-03,497
奥比中光2025届秋季校园招聘,2024-09-03,661
安克创新2025秋季全球校园招聘招生简章,2024-09-03,1210
有编制！上海电机学院2024年教师招聘公告,2024-09-03,666
深圳市睿联技术股份有限公司,2024-09-03,930
从横店 到世界  横店集团2025届校园招聘简章,2024-09-03,247
西安翔腾微电子科技有限公司2025届校园招聘,2024-09-03,1031
广州诗悦网络科技有限公司2025届校园招聘,2024-09-03,387
中国电建集团中南勘测设计研究院有限公司2025年校园招聘简章,2024-09-03,671
TCL 实业2025届全球校招简章,2024-09-03,537
未来“五”限，“环”然新生        ---中国五环工程有限公司2025届校园招聘,2024-09-03,371
在光学世界 做晶彩自己——水晶光电 2025届校园招聘简章,2024-09-03,563
三星(中国)半导体有限公司  2025届秋季校园招聘简章,2024-09-03,1263
青岛乾程科技股份有限公司 2025 届校园招聘简章,2024-09-03,453
中国移动通信集团陕西有限公司  2025校园招聘公告,2024-09-03,1234
江苏金陵科技集团有限公司2025届秋季招聘,2024-09-03,683
湖南迈曦软件有限责任公司,2024-09-03,346
地太科特电子制造（北京）有限公司,2024-09-03,950
北京佰才邦技术股份有限公司2025校园招聘,2024-09-03,1629
东莞高伟光学电子有限公司招聘开始！,2024-09-03,715
中国民生银行杭州分行2025届毕业生“未来银行家”,2024-09-03,328
南京恒电电子有限公司25届校园招聘,2024-09-03,990
恒丰银行2024年下半年毕业生招聘启事,2024-09-03,849
中国航空工业集团上海航空电器有限公司  2025届招聘简章,2024-09-03,610
深圳英集芯科技股份有限公司2025届校园招聘,2024-09-03,403
中国能源建设集团安徽省电力设计院有限公司  2025年度高校应届毕业生招聘公告,2024-09-03,334
爱士惟2025招聘简章,2024-09-03,883
上海产业研究院2025届校园招聘简章,2024-09-03,439
成都宽窄智汇科技有限公司,2024-09-03,760
上海精测半导体技术有限公司2025届招聘简章,2024-09-03,1176
心所往•光所至 ——苏州长光华芯光电技术股份有限公司 2025校园招聘简章,2024-09-03,961
西安航天远征流体控制股份有限公司2025届校园招聘,2024-09-03,678
盛科通信（苏州/南京/上海）2025届校园招聘,2024-09-03,691
电信科学技术第十研究所有限公司,2024-09-02,4336
中国航发动力股份有限公司2025届校园招聘简章,2024-09-02,1910
“梦想靠岸”招商银行南宁分行2025秋季校园招聘,2024-09-02,308
平安银行北京分行2025届校园招聘全球启动,2024-09-02,259
联咏科技2025届校园招聘宣讲+笔试（软开/算法）,2024-09-02,690
特来电新能源股份有限公司  2025届第十二期“特种兵”校园招聘简章,2024-09-02,513
北极大2024年校园招聘公告,2024-09-02,383
【卓镭激光】2024届校园招聘,2024-09-02,406
云南省交通投资建设集团有限公司2024年管理人员校园招聘公告,2024-09-02,826
思朗科技2025校园招聘简章,2024-09-02,1332
中国飞行试验研究院2025年校园招聘,2024-09-02,2460
深圳数马电子技术有限公司2025届校园招聘正式开启！,2024-09-02,1794
中建六局建设发展有限公司2025届校园招聘,2024-09-02,580
【卓镭激光】2025届校园招聘,2024-09-02,439
中国电子科技集团公司第十二研究所2025年校园招聘正式启动,2024-09-02,1493
湖南航天诚远精密机械有限公司2025届校园招聘简章,2024-09-02,439
电科蓝天和电科18所2025届校园招聘简章,2024-09-02,954
中国联通四川省分公司2025校园招聘公告,2024-09-02,1439
记忆科技2025届校招火热开启！,2024-09-03,1864
2025届方田教育秋季校招,2024-09-02,370
中国电信股份有限公司湖南分公司2025校园招聘公告,2024-09-01,750
中国航空工业集团新航2025届校园招聘,2024-09-01,2154
四川航天职业技术学院2025年度招聘简章,2024-09-01,3064
珠海优特电力科技股份有限公司2025届校园招聘简章,2024-09-02,250
中国航发控制系统研究所（无锡动控科技）2025届校园招聘,2024-09-01,1308
苏州顺芯半导体有限公司2025校园招聘,2024-09-02,754
陕西汽车控股集团有限公司,2024-09-02,1018
华大半导体有限公司2025届校园招聘,2024-09-02,1409
中国移动通信集团青海有限公司2025年度秋季校园招聘公告,2024-09-02,432
平安银行2025届全行校园招聘,2024-09-02,912
中国航空无线电电子研究所2025届校园招聘,2024-09-02,872
芯恩（青岛）集成电路有限公司,2024-09-02,3836
深圳市锐明技术股份有限公司2025届秋招简章,2024-09-01,806
胜业电气股份有限公司,2024-09-02,1400
爱立信（中国）通信有限公司,2024-09-02,7608
鹏城芯秀，聚力起航  深圳市鹏新旭技术有限公司2025届校园招聘,2024-09-02,928
北京高德云图科技有限公司,2024-09-02,824
东风汽车集团有限公司研发总院2025届校园招聘简章,2024-09-02,467
华橙网络2025届校园招聘正式开启！,2024-09-02,724
